headline,clean,tb_polarity,tb_subjectivity,vader_compound,vader_pos,vader_neg,vader_neu,sentiment
IPL 2026 captains: Know the 10 skippers - full list - olympics.com,IPL 2026 captains: Know the 10 skippers - full list - olympics.com,0.35,0.55,0.0,0.0,0.0,1.0,Neutral
KKR's fast bowling problem: 2024 winners head towards shaky start to IPL campaign - India Today,KKR's fast bowling problem: 2024 winners head towards shaky start to IPL campaign - India Today,-0.06666666666666665,0.55,-0.128,0.15,0.222,0.628,Negative
"Anil Kumble Slams KKR For Releasing Star Duo After IPL 2024: ""Wrong Decision"" - NDTV Sports","Anil Kumble Slams KKR For Releasing Star Duo After IPL 2024: ""Wrong Decision"" - NDTV Sports",-0.5,0.9,-0.4767,0.0,0.171,0.829,Negative
‘KKR took the wrong decision by letting Shreyas Iyer and Phil Salt leave’: Anil Kumble - The Indian Express,‘KKR took the wrong decision by letting Shreyas Iyer and Phil Salt leave’: Anil Kumble - The Indian Express,-0.5,0.9,-0.4767,0.0,0.147,0.853,Negative
KKR unveil new jersey ahead of IPL 2026 season - The Times of India,KKR unveil new jersey ahead of IPL 2026 season - The Times of India,0.13636363636363635,0.45454545454545453,0.0,0.0,0.0,1.0,Neutral
IPL 2024: Harbhajan Singh urges Rohit Sharma to ditch Impact Player role - Asianet Newsable,IPL 2024: Harbhajan Singh urges Rohit Sharma to ditch Impact Player role - Asianet Newsable,0.0,0.0,0.0,0.0,0.0,1.0,Neutral
IPL 2026: Three Fast Bowlers Who Could Replace Injured Harshit Rana In KKR - Outlook India,IPL 2026: Three Fast Bowlers Who Could Replace Injured Harshit Rana In KKR - Outlook India,0.2,0.6,-0.4019,0.0,0.153,0.847,Negative
Who Can Replace Harshit Rana at KKR for IPL 2026 Season? 3 Players Who Can Be Roped In - myKhel,Who Can Replace Harshit Rana at KKR for IPL 2026 Season? 3 Players Who Can Be Roped In - myKhel,0.0,0.0,0.0,0.0,0.0,1.0,Neutral
"Days Ahead Of IPL 2026, Anil Kumble Points Out ""Wrong Decision"" Taken By KKR - NDTV Sports","Days Ahead Of IPL 2026, Anil Kumble Points Out ""Wrong Decision"" Taken By KKR - NDTV Sports",-0.5,0.9,-0.4767,0.0,0.162,0.838,Negative
SRH Playing XI For IPL 2026 (Predicted Lineup) - durhamccc.co.uk,SRH Playing XI For IPL 2026 (Predicted Lineup) - durhamccc.co.uk,0.0,0.0,0.2023,0.167,0.0,0.833,Positive
IPL winners list from 2008 to 2025 - Forbes India,IPL winners list from 2008 to 2025 - Forbes India,0.0,0.0,0.4767,0.256,0.0,0.744,Positive
IPL 2025 vs IPL 2024: Spinners rule as six appeal dips - ESPNcricinfo,IPL 2025 vs IPL 2024: Spinners rule as six appeal dips - ESPNcricinfo,0.0,0.0,0.0,0.0,0.0,1.0,Neutral
IPL winners list: Know all champions - olympics.com,IPL winners list: Know all champions - olympics.com,0.0,0.0,0.7579,0.52,0.0,0.48,Positive
KKR face flak from Shreyas Iyer fans over IPL 2024 title win anniversary post: 'Can’t even give him a mention?' - Firstpost,KKR face flak from Shreyas Iyer fans over IPL 2024 title win anniversary post: 'Can’t even give him a mention?' - Firstpost,0.8,0.4,0.5859,0.153,0.0,0.847,Positive
"Comparing IPL 2025 to 2024: GT show need for speed, CSK slow down - ESPNcricinfo","Comparing IPL 2025 to 2024: GT show need for speed, CSK slow down - ESPNcricinfo",-0.2277777777777778,0.34444444444444444,0.4278,0.168,0.0,0.832,Positive
Highest score in IPL: Teams with the biggest totals - the record list - olympics.com,Highest score in IPL: Teams with the biggest totals - the record list - olympics.com,0.0,0.0,0.0,0.0,0.0,1.0,Neutral
Most expensive player in IPL: Rishabh Pant leads the list - olympics.com,Most expensive player in IPL: Rishabh Pant leads the list - olympics.com,0.0,0.6,0.0,0.0,0.0,1.0,Neutral
Highest run chase in IPL: Punjab Kings hold the record - full list - olympics.com,Highest run chase in IPL: Punjab Kings hold the record - full list - olympics.com,0.35,0.55,0.0,0.0,0.0,1.0,Neutral
"Chennai Super Kings vs Delhi Capitals Live Scores and Result, IPL 2024 - delhicapitals.in","Chennai Super Kings vs Delhi Capitals Live Scores and Result, IPL 2024 - delhicapitals.in",0.23484848484848483,0.5833333333333333,0.5994,0.231,0.0,0.769,Positive
IPL 2025 vs IPL 2024: Scoring rates dip as finishers lose their fizz - ESPN,IPL 2025 vs IPL 2024: Scoring rates dip as finishers lose their fizz - ESPN,0.0,0.0,-0.4019,0.0,0.162,0.838,Negative
"Comparing IPL 2025 to 2024: Pooran, Shreyas lead rise of the No. 3s - ESPNcricinfo","Comparing IPL 2025 to 2024: Pooran, Shreyas lead rise of the No. 3s - ESPNcricinfo",0.0,0.0,0.0,0.0,0.0,1.0,Neutral
IPL 2024 M24: RR vs GT – Match Highlights - IPL,IPL 2024 M24: RR vs GT – Match Highlights - IPL,0.0,0.0,0.4278,0.221,0.0,0.779,Positive
IPL 2024 M39: CSK vs LSG – Match Highlights - IPL,IPL 2024 M39: CSK vs LSG – Match Highlights - IPL,0.0,0.0,0.0,0.0,0.0,1.0,Neutral
IPL 2024 M17: GT vs PBKS – Match Highlights - IPL,IPL 2024 M17: GT vs PBKS – Match Highlights - IPL,0.0,0.0,0.4278,0.221,0.0,0.779,Positive
IPL 2024 M54: LSG vs KKR – Match Highlights - IPL,IPL 2024 M54: LSG vs KKR – Match Highlights - IPL,0.0,0.0,0.0,0.0,0.0,1.0,Neutral
IPL 2024 M43: DC vs MI – Match Highlights - IPL,IPL 2024 M43: DC vs MI – Match Highlights - IPL,0.0,0.0,0.0,0.0,0.0,1.0,Neutral
TATA IPL 2024: Runners Up Award - Sunrisers Hyderabad - IPL,TATA IPL 2024: Runners Up Award - Sunrisers Hyderabad - IPL,0.0,0.0,0.5423,0.259,0.0,0.741,Positive
IPL 2024 M36: KKR vs RCB – Match Highlights - IPL,IPL 2024 M36: KKR vs RCB – Match Highlights - IPL,0.0,0.0,0.0,0.0,0.0,1.0,Neutral
Indian Premier League: Cricket’s betting bonanza - Entain,Indian Premier League: Cricket’s betting bonanza - Entain,0.0,0.0,0.0,0.0,0.0,1.0,Neutral
IPL 2024 M13: DC vs CSK – Match Highlights - IPL,IPL 2024 M13: DC vs CSK – Match Highlights - IPL,0.0,0.0,0.0,0.0,0.0,1.0,Neutral
"IPL 2024: BCCI reschedules KKR vs RR, GT vs DC matches - The Times of India","IPL 2024: BCCI reschedules KKR vs RR, GT vs DC matches - The Times of India",0.0,0.0,0.4278,0.159,0.0,0.841,Positive
Australian players in IPL 2024 - full list - olympics.com,Australian players in IPL 2024 - full list - olympics.com,0.175,0.275,0.0,0.0,0.0,1.0,Neutral
IPL 2024 schedule: Dates and list of all matches - olympics.com,IPL 2024 schedule: Dates and list of all matches - olympics.com,0.0,0.0,0.0,0.0,0.0,1.0,Neutral
In conversation with IPL 2024 Winning Captain Shreyas Iyer - IPL,In conversation with IPL 2024 Winning Captain Shreyas Iyer - IPL,0.5,0.75,0.5267,0.254,0.0,0.746,Positive
IPL 2024: Mitchell Starc feels Impact Player rule changes... - The Times of India,IPL 2024: Mitchell Starc feels Impact Player rule changes... - The Times of India,0.0,0.0,0.0,0.0,0.0,1.0,Neutral
IPL 2024: Skipper Shubman Gill denies having issue with GT middle order - Business Standard,IPL 2024: Skipper Shubman Gill denies having issue with GT middle order - Business Standard,0.0,0.0,0.0085,0.152,0.15,0.698,Neutral
Marcus Stoinis century guides LSG to victory over CSK in IPL 2024 - olympics.com,Marcus Stoinis century guides LSG to victory over CSK in IPL 2024 - olympics.com,0.0,0.0,0.0,0.0,0.0,1.0,Neutral
"Full IPL 2024 SCHEDULE released - Save the dates, mark your leaves - Mumbai Indians","Full IPL 2024 SCHEDULE released - Save the dates, mark your leaves - Mumbai Indians",0.35,0.55,0.4939,0.186,0.0,0.814,Positive
All English cricket players in IPL 2024 - complete list - olympics.com,All English cricket players in IPL 2024 - complete list - olympics.com,0.05,0.2,0.0,0.0,0.0,1.0,Neutral
"IPL 2024, a turbo-charged, batter-dominated season like no other - ESPNcricinfo","IPL 2024, a turbo-charged, batter-dominated season like no other - ESPNcricinfo",0.0625,0.375,0.0772,0.182,0.161,0.657,Positive
"Chennai Super Kings vs Mumbai Indians Live Scores and Result, IPL 2024 - delhicapitals.in","Chennai Super Kings vs Mumbai Indians Live Scores and Result, IPL 2024 - delhicapitals.in",0.23484848484848483,0.5833333333333333,0.5994,0.231,0.0,0.769,Positive
Why Jos Buttler is not playing IPL 2024 - Rajasthan Royals,Why Jos Buttler is not playing IPL 2024 - Rajasthan Royals,0.0,0.0,-0.1511,0.0,0.137,0.863,Negative
"IPL 2024: It's all about driving the team forward, says Rachin Ravindra - The Times of India","IPL 2024: It's all about driving the team forward, says Rachin Ravindra - The Times of India",0.0,0.0,0.0,0.0,0.0,1.0,Neutral
TATA IPL 2024: Orange Cap Holder – Virat Kohli - IPL,TATA IPL 2024: Orange Cap Holder – Virat Kohli - IPL,0.0,0.0,0.0,0.0,0.0,1.0,Neutral
"IPL 2024 schedule: Date, time, venue, teams; all you need to know - Mint","IPL 2024 schedule: Date, time, venue, teams; all you need to know - Mint",0.0,0.0,0.0,0.0,0.0,1.0,Neutral
Full List of IPL 2024 Prize Money Winners: KKR bag Rs 20 crore for winning third title - The Times of India,Full List of IPL 2024 Prize Money Winners: KKR bag Rs 20 crore for winning third title - The Times of India,0.2833333333333333,0.43333333333333335,0.8689,0.34,0.0,0.66,Positive
IPL 2024 scores 620m viewers for JioCinema - SportsPro,IPL 2024 scores 620m viewers for JioCinema - SportsPro,0.0,0.0,0.0,0.0,0.0,1.0,Neutral
IPL 2024 teams and squads - full player list - olympics.com,IPL 2024 teams and squads - full player list - olympics.com,0.35,0.55,0.0,0.0,0.0,1.0,Neutral
"IPL Match Full Schedule 2024: IPL Today Match, Team, Venue, Date & Time - Everything you need to know - The Times of India","IPL Match Full Schedule 2024: IPL Today Match, Team, Venue, Date & Time - Everything you need to know - The Times of India",0.35,0.55,0.0,0.0,0.0,1.0,Neutral
Pooran’s ‘power’ play in IPL 2024: When carnage met consistency - lucknowsupergiants.in,Pooran’s ‘power’ play in IPL 2024: When carnage met consistency - lucknowsupergiants.in,0.0,0.0,0.34,0.179,0.0,0.821,Positive
"IPL 2024 Purple Cap standings after GT vs DC: Chahal on top, Bumrah in second place; Khaleel upto third - Sportstar","IPL 2024 Purple Cap standings after GT vs DC: Chahal on top, Bumrah in second place; Khaleel upto third - Sportstar",0.16666666666666666,0.16666666666666666,0.5622,0.196,0.0,0.804,Positive
IPL 2024: Marquee cricket league ready for 17th season – here’s all you need to know - Scroll.in,IPL 2024: Marquee cricket league ready for 17th season – here’s all you need to know - Scroll.in,0.2,0.5,0.3612,0.128,0.0,0.872,Positive
IPL 2024: Know where to watch live streaming and telecast in India - olympics.com,IPL 2024: Know where to watch live streaming and telecast in India - olympics.com,0.13636363636363635,0.5,0.0,0.0,0.0,1.0,Neutral
Why IPL 2024 is a breakthrough season for Sanju Samson - Rajasthan Royals,Why IPL 2024 is a breakthrough season for Sanju Samson - Rajasthan Royals,0.0,0.0,0.0,0.0,0.0,1.0,Neutral
IPL Winners Team List: Complete IPL Trophy Winner from 2008 to 2024 - Vi,IPL Winners Team List: Complete IPL Trophy Winner from 2008 to 2024 - Vi,0.1,0.4,0.7845,0.365,0.0,0.635,Positive
Purple Cap in IPL 2024: The bowlers with the most wickets - olympics.com,Purple Cap in IPL 2024: The bowlers with the most wickets - olympics.com,0.5,0.5,0.0,0.0,0.0,1.0,Neutral
IPL 2024: Rajasthan Royals look to continue royal march against Gujarat Titans - The Times of India,IPL 2024: Rajasthan Royals look to continue royal march against Gujarat Titans - The Times of India,0.0,0.0,0.0,0.0,0.0,1.0,Neutral
"Bumrah's missing No. 2, Hardik's flat homecoming and other reasons why MI flunked IPL 2024 - ESPNcricinfo","Bumrah's missing No. 2, Hardik's flat homecoming and other reasons why MI flunked IPL 2024 - ESPNcricinfo",-0.11666666666666665,0.18333333333333335,-0.6486,0.0,0.261,0.739,Negative
"Stats - RCB do six in a row, and Kohli does it in sixes - ESPNcricinfo","Stats - RCB do six in a row, and Kohli does it in sixes - ESPNcricinfo",0.0,0.0,0.0,0.0,0.0,1.0,Neutral
"Sunil Narine, number one in a field of one - ESPNcricinfo","Sunil Narine, number one in a field of one - ESPNcricinfo",0.0,0.0,0.0772,0.115,0.0,0.885,Positive
TATA IPL 2024 | Delhi Capitals look to reach new heights under their leader Rishabh Pant - delhicapitals.in,TATA IPL 2024 | Delhi Capitals look to reach new heights under their leader Rishabh Pant - delhicapitals.in,0.13636363636363635,0.45454545454545453,0.0258,0.061,0.0,0.939,Neutral
IPL 2024 points table update: KKR is on second position while CSK is on third - The Times of India,IPL 2024 points table update: KKR is on second position while CSK is on third - The Times of India,0.0,0.0,0.0,0.0,0.0,1.0,Neutral
What went wrong for Gujarat Titans this IPL? - ESPNcricinfo,What went wrong for Gujarat Titans this IPL? - ESPNcricinfo,-0.5,0.9,-0.4767,0.0,0.256,0.744,Negative
Shahbaz and Abhishek spin Sunrisers Hyderabad into IPL final - ESPNcricinfo,Shahbaz and Abhishek spin Sunrisers Hyderabad into IPL final - ESPNcricinfo,0.0,1.0,0.0,0.0,0.0,1.0,Neutral
"CSK Match Schedule IPL 2024: Chennai Super Kings full list of matches, fixtures, dates, venues and timing - The Times of India","CSK Match Schedule IPL 2024: Chennai Super Kings full list of matches, fixtures, dates, venues and timing - The Times of India",0.3416666666666667,0.6083333333333334,0.5994,0.157,0.0,0.843,Positive
IPL 2024: Which batter hit most sixes this Indian Premier League season? - Sportstar,IPL 2024: Which batter hit most sixes this Indian Premier League season? - Sportstar,0.5,0.5,0.0,0.0,0.0,1.0,Neutral
"IPL 2024 Points Table updated after LSG vs RR: Rajasthan Royals all but secures Playoffs spot with eight wins, DC moves fifth - Sportstar","IPL 2024 Points Table updated after LSG vs RR: Rajasthan Royals all but secures Playoffs spot with eight wins, DC moves fifth - Sportstar",0.3,0.2,0.8402,0.267,0.0,0.733,Positive
Mumbai Indians knocked out after SRH demolish LSG - ESPNcricinfo,Mumbai Indians knocked out after SRH demolish LSG - ESPNcricinfo,0.0,0.0,0.0,0.0,0.0,1.0,Neutral
PBKS vs DC | Delhi Capitals begin IPL 2024 campaign in Chandigarh - delhicapitals.in,PBKS vs DC | Delhi Capitals begin IPL 2024 campaign in Chandigarh - delhicapitals.in,0.0,0.0,0.0,0.0,0.0,1.0,Neutral
Pathirana's four-for overshadows Rohit's ton as Mumbai go down - ESPNcricinfo,Pathirana's four-for overshadows Rohit's ton as Mumbai go down - ESPNcricinfo,-0.15555555555555556,0.2888888888888889,0.0,0.0,0.0,1.0,Neutral
Mustafizur stars as Gaikwad's CSK start title defence with comfortable win over RCB - ESPNcricinfo,Mustafizur stars as Gaikwad's CSK start title defence with comfortable win over RCB - ESPNcricinfo,0.6000000000000001,0.6000000000000001,0.8176,0.415,0.0,0.585,Positive
Ashutosh blinder not enough as Kings fall short in IPL classic - ESPNcricinfo,Ashutosh blinder not enough as Kings fall short in IPL classic - ESPNcricinfo,0.05555555555555555,0.32222222222222224,0.0,0.0,0.0,1.0,Neutral
IPL 2024 Points Table updated after SRH vs PBKS: Sunrisers provisionally climbs up to second; Punjab finishes season in ninth - Sportstar,IPL 2024 Points Table updated after SRH vs PBKS: Sunrisers provisionally climbs up to second; Punjab finishes season in ninth - Sportstar,0.0,0.0,0.0,0.0,0.0,1.0,Neutral
Captain HP speaks at IPL 2024 - Mumbai Indians,Captain HP speaks at IPL 2024 - Mumbai Indians,0.0,0.0,0.0,0.0,0.0,1.0,Neutral
IPL 2024: RCB score fourth-highest IPL team total vs PBKS; List of highest team totals for Royal Challengers Bengaluru - Sportstar,IPL 2024: RCB score fourth-highest IPL team total vs PBKS; List of highest team totals for Royal Challengers Bengaluru - Sportstar,0.0,0.75,0.1027,0.065,0.0,0.935,Positive
Mitchell Marsh to miss remainder of IPL 2024 with hamstring injury - ESPNcricinfo,Mitchell Marsh to miss remainder of IPL 2024 with hamstring injury - ESPNcricinfo,0.0,0.0,-0.5267,0.0,0.286,0.714,Negative
Remember the names - here are the breakout boys from IPL 2024 - ESPNcricinfo,Remember the names - here are the breakout boys from IPL 2024 - ESPNcricinfo,0.0,0.0,0.0,0.0,0.0,1.0,Neutral
IPL 2024 date: Tournament expected to start on March 22 - olympics.com,IPL 2024 date: Tournament expected to start on March 22 - olympics.com,-0.1,0.4,0.0,0.0,0.0,1.0,Neutral
IPL 2024: Mustafizur Rahman rattles Royal Challengers as Chennai Super Kings win opening match - Scroll.in,IPL 2024: Mustafizur Rahman rattles Royal Challengers as Chennai Super Kings win opening match - Scroll.in,0.5666666666666667,0.5333333333333333,0.8442,0.412,0.0,0.588,Positive
"IPL 2024 Points Table: KKR at top, MI settles at last spot - Mint","IPL 2024 Points Table: KKR at top, MI settles at last spot - Mint",0.25,0.2833333333333333,0.2023,0.122,0.0,0.878,Positive
Adam Zampa withdraws from IPL 2024 due to personal reasons - olympics.com,Adam Zampa withdraws from IPL 2024 due to personal reasons - olympics.com,-0.0625,0.3375,0.0,0.0,0.0,1.0,Neutral
"IPL 2024, RR vs RCB Eliminator Match Report, May 22, 2024 - Royals eliminate RCB to set up knockout against SRH - ESPNcricinfo","IPL 2024, RR vs RCB Eliminator Match Report, May 22, 2024 - Royals eliminate RCB to set up knockout against SRH - ESPNcricinfo",0.0,0.0,0.0,0.0,0.0,1.0,Neutral
"LSG Match Schedule in IPL 2024: Lucknow Super Giants full list of matches, fixtures, dates, venues and ti - The Times of India","LSG Match Schedule in IPL 2024: Lucknow Super Giants full list of matches, fixtures, dates, venues and ti - The Times of India",0.3416666666666667,0.6083333333333334,0.5994,0.151,0.0,0.849,Positive
Sawai Mansingh Stadium gets ready to host IPL 2024 - Rajasthan Royals,Sawai Mansingh Stadium gets ready to host IPL 2024 - Rajasthan Royals,0.2,0.5,0.3612,0.185,0.0,0.815,Positive
IPL 2024 final: Google celebrates Indian Premier League finale with a colourful doodle - The Times of India,IPL 2024 final: Google celebrates Indian Premier League finale with a colourful doodle - The Times of India,0.0,1.0,0.5719,0.179,0.0,0.821,Positive
IPL 2024: Full list of Player of the Match award winners ahead of KKR vs RR final - Sportstar,IPL 2024: Full list of Player of the Match award winners ahead of KKR vs RR final - Sportstar,0.175,0.775,0.765,0.28,0.0,0.72,Positive
"Drake places 'first ever cricket bet', backs KKR to win IPL 2024 - ESPNcricinfo","Drake places 'first ever cricket bet', backs KKR to win IPL 2024 - ESPNcricinfo",0.525,0.3666666666666667,0.5574,0.224,0.071,0.706,Positive
"DC Match Schedule IPL 2024: Delhi Capitals full list of matches, fixtures, dates, venues and timings - The Times of India","DC Match Schedule IPL 2024: Delhi Capitals full list of matches, fixtures, dates, venues and timings - The Times of India",0.35,0.55,0.0,0.0,0.0,1.0,Neutral
Shivam Mavi ruled out of TATA IPL 2024 with injury - lucknowsupergiants.in,Shivam Mavi ruled out of TATA IPL 2024 with injury - lucknowsupergiants.in,0.0,0.0,-0.4215,0.0,0.203,0.797,Negative
Orange Cap in IPL 2024: Player who scored the most runs - olympics.com,Orange Cap in IPL 2024: Player who scored the most runs - olympics.com,0.5,0.5,0.0,0.0,0.0,1.0,Neutral
"IPL 2024 schedule, match timings, prize money, live streaming: All you need to know about Indian Premier League | Cricket - Hindustan Times","IPL 2024 schedule, match timings, prize money, live streaming: All you need to know about Indian Premier League | Cricket - Hindustan Times",0.13636363636363635,0.5,0.5106,0.13,0.0,0.87,Positive
IPL 2024 Final to be played 5 days before beginning of T20 World Cup 2024 - India Today,IPL 2024 Final to be played 5 days before beginning of T20 World Cup 2024 - India Today,0.0,1.0,0.34,0.124,0.0,0.876,Positive
Monstrous! Dinesh Karthik smashes the longest six of IPL 2024 against Sunrisers Hyderabad. Watch - The Times of India,Monstrous! Dinesh Karthik smashes the longest six of IPL 2024 against Sunrisers Hyderabad. Watch - The Times of India,0.0,0.0,0.0,0.0,0.0,1.0,Neutral
"Shashank Singh, Ashutosh Sharma make Punjab kings of Gujarat - ESPNcricinfo","Shashank Singh, Ashutosh Sharma make Punjab kings of Gujarat - ESPNcricinfo",0.0,0.0,0.0,0.0,0.0,1.0,Neutral
IPL 2024 results: Will Jacks hits unbeaten century as Royal Challengers Bangalore beat Gujarat Titans - BBC,IPL 2024 results: Will Jacks hits unbeaten century as Royal Challengers Bangalore beat Gujarat Titans - BBC,0.0,0.0,0.1027,0.08,0.0,0.92,Positive
IPL 2024 results: Sunrisers Hyderabad hit highest total in tournament's history in win over Mumbai Indians - BBC,IPL 2024 results: Sunrisers Hyderabad hit highest total in tournament's history in win over Mumbai Indians - BBC,0.4,0.575,0.5859,0.183,0.0,0.817,Positive
"IPL 2024, KKR vs SRH Final Match Preview - Trailblazers KKR and SRH face off for ultimate glory - ESPNcricinfo","IPL 2024, KKR vs SRH Final Match Preview - Trailblazers KKR and SRH face off for ultimate glory - ESPNcricinfo",0.0,1.0,0.5423,0.156,0.0,0.844,Positive
"RR vs GT, IPL 2024: All you need to know - stats, players, standings and where to watch - Rajasthan Royals","RR vs GT, IPL 2024: All you need to know - stats, players, standings and where to watch - Rajasthan Royals",0.0,0.0,0.0,0.0,0.0,1.0,Neutral
108m ROOF-HITTER! Karthik hits biggest six of IPL 2024 so far - IPL,108m ROOF-HITTER! Karthik hits biggest six of IPL 2024 so far - IPL,0.1,1.0,0.0,0.0,0.0,1.0,Neutral
"IPL 2024 Playoffs Full Schedule: Know All about Teams, Date, Time, Venues, and More - The Times of India","IPL 2024 Playoffs Full Schedule: Know All about Teams, Date, Time, Venues, and More - The Times of India",0.425,0.525,0.0,0.0,0.0,1.0,Neutral
IPL 2026 fixtures and start times: Find out the full schedule - BBC,IPL 2026 fixtures and start times: Find out the full schedule - BBC,0.35,0.55,0.0,0.0,0.0,1.0,Neutral
"IPL 2026 Schedule : Complete Fixture List, Venue & Match Timings - Vi","IPL 2026 Schedule : Complete Fixture List, Venue & Match Timings - Vi",0.1,0.4,0.0,0.0,0.0,1.0,Neutral
How to Watch Tata IPL 2026 Live in HD Quality For Free - The Hans India,How to Watch Tata IPL 2026 Live in HD Quality For Free - The Hans India,0.2681818181818182,0.65,0.5106,0.18,0.0,0.82,Positive
Bad News For Sunrisers Hyderabad! Australian Star To Miss First Few Matches Of IPL 2026 - News18,Bad News For Sunrisers Hyderabad! Australian Star To Miss First Few Matches Of IPL 2026 - News18,-0.20624999999999993,0.275,-0.6588,0.0,0.264,0.736,Negative
"RCB get government nod, set to host IPL 2026 matches at M. Chinnaswamy - The Times of India","RCB get government nod, set to host IPL 2026 matches at M. Chinnaswamy - The Times of India",0.0,0.0,0.0,0.0,0.0,1.0,Neutral
Final Nod Granted For RCB's IPL 2026 Matches At M Chinnaswamy Stadium; KSCA Confirms Development - NDTV Sports,Final Nod Granted For RCB's IPL 2026 Matches At M Chinnaswamy Stadium; KSCA Confirms Development - NDTV Sports,0.0,1.0,0.25,0.105,0.0,0.895,Positive
IPL 2026: Will Matheesha Pathirana be fit in time for Kolkata Knight Riders? Sri Lanka pacer's manager drops big hint - Mint,IPL 2026: Will Matheesha Pathirana be fit in time for Kolkata Knight Riders? Sri Lanka pacer's manager drops big hint - Mint,0.2,0.25,0.3612,0.106,0.0,0.894,Positive
Karnataka Government Approves Chinnaswamy Stadium for IPL 2026 Matches - The CSR Journal,Karnataka Government Approves Chinnaswamy Stadium for IPL 2026 Matches - The CSR Journal,0.0,0.0,0.4019,0.184,0.0,0.816,Positive
Karnataka Govt Clears Chinnaswamy Stadium IPL 2026 Matches For Royal Challengers Bengaluru - prameyanews.com,Karnataka Govt Clears Chinnaswamy Stadium IPL 2026 Matches For Royal Challengers Bengaluru - prameyanews.com,0.0,0.0,0.1779,0.184,0.0,0.816,Positive
IPL 2025 M70: LSG vs RCB - Match Highlights - IPL,IPL 2025 M70: LSG vs RCB - Match Highlights - IPL,0.0,0.0,0.0,0.0,0.0,1.0,Neutral
RCB vs SRH IPL 2026 Opening Match Confirmed At M Chinnaswamy Stadium in Bengaluru: KSCA Receives Govt Approval - Oneindia,RCB vs SRH IPL 2026 Opening Match Confirmed At M Chinnaswamy Stadium in Bengaluru: KSCA Receives Govt Approval - Oneindia,0.4,1.0,0.4767,0.14,0.0,0.86,Positive
"IPL 2026: Kolkata Knight Riders pacer Harshit Rana ruled out of upcoming season due to injury, says report - Mint","IPL 2026: Kolkata Knight Riders pacer Harshit Rana ruled out of upcoming season due to injury, says report - Mint",-0.125,0.375,-0.4215,0.0,0.128,0.872,Negative
"Cricket match facts | Punjab Kings vs Mumbai Indians, 61st Match (Suspended), Indian Premier League 2025 - Cricbuzz.com","Cricket match facts | Punjab Kings vs Mumbai Indians, 61st Match (Suspended), Indian Premier League 2025 - Cricbuzz.com",0.0,0.0,-0.4767,0.0,0.154,0.846,Negative
CSK Match Tickets: When & how to buy for IPL 2026 first phase - Khel Now,CSK Match Tickets: When & how to buy for IPL 2026 first phase - Khel Now,0.25,0.3333333333333333,0.0,0.0,0.0,1.0,Neutral
KKR ‘took the wrong decision’ by letting Shreyas Iyer go before IPL 2025: ‘Left them without an IPL winning captain’ | Cricket - Hindustan Times,KKR ‘took the wrong decision’ by letting Shreyas Iyer go before IPL 2025: ‘Left them without an IPL winning captain’ | Cricket - Hindustan Times,0.0,0.5499999999999999,-0.7074,0.0,0.203,0.797,Negative
IPL 2026 Tickets: Where And How To Buy For The First Phase Matches - Outlook India,IPL 2026 Tickets: Where And How To Buy For The First Phase Matches - Outlook India,0.25,0.3333333333333333,0.0,0.0,0.0,1.0,Neutral
"""Chepauk's Wicket Will Suit Sanju Samson's Game"": Ex-CSK Star Ahead Of IPL 2026 - NDTV Sports","""Chepauk's Wicket Will Suit Sanju Samson's Game"": Ex-CSK Star Ahead Of IPL 2026 - NDTV Sports",-0.4,0.4,0.0,0.0,0.0,1.0,Neutral
IPL 2026 Full Schedule: BCCI To Announce Final Dates Soon As State Assembly Election Schedule Released - ABP Live English,IPL 2026 Full Schedule: BCCI To Announce Final Dates Soon As State Assembly Election Schedule Released - ABP Live English,0.12159090909090908,0.5125,0.0,0.0,0.0,1.0,Neutral
RCB Match Tickets: When & how to buy for IPL 2026 first phase - Khel Now,RCB Match Tickets: When & how to buy for IPL 2026 first phase - Khel Now,0.25,0.3333333333333333,0.0,0.0,0.0,1.0,Neutral
"Indian Premier League | IPL, WPL, T20, Table, Matches, Score, 2025, 2024, 2023, & Auction - Britannica","Indian Premier League | IPL, WPL, T20, Table, Matches, Score, 2025, 2024, 2023, & Auction - Britannica",0.0,0.0,0.0,0.0,0.0,1.0,Neutral
IPL 2025: MI's road so far & Playoffs chances - Cricbuzz.com,IPL 2025: MI's road so far & Playoffs chances - Cricbuzz.com,0.1,1.0,0.2023,0.153,0.0,0.847,Positive
IPL 2025 schedule: The complete match list - olympics.com,IPL 2025 schedule: The complete match list - olympics.com,0.1,0.4,0.0,0.0,0.0,1.0,Neutral
"Cricket commentary | Royal Challengers Bengaluru vs Punjab Kings, Final, Indian Premier League 2025 - Cricbuzz.com","Cricket commentary | Royal Challengers Bengaluru vs Punjab Kings, Final, Indian Premier League 2025 - Cricbuzz.com",0.0,1.0,0.1027,0.085,0.0,0.915,Positive
"Twenty20 cricket | Rules, History, World Cup, 2026, Scores, Matches, Highlights, Rankings, Schedule, & Facts - Britannica","Twenty20 cricket | Rules, History, World Cup, 2026, Scores, Matches, Highlights, Rankings, Schedule, & Facts - Britannica",0.0,0.0,0.0,0.0,0.0,1.0,Neutral
"TATA IPL 2025, FINAL, RCB vs PBKS - Match Report - IPL","TATA IPL 2025, FINAL, RCB vs PBKS - Match Report - IPL",0.0,1.0,0.0,0.0,0.0,1.0,Neutral
Chinnaswamy Stadium gets government nod to host IPL and international matches - ESPN,Chinnaswamy Stadium gets government nod to host IPL and international matches - ESPN,0.0,0.0,0.0,0.0,0.0,1.0,Neutral
Remainder of IPL 2025 to be held at six venues - IPL,Remainder of IPL 2025 to be held at six venues - IPL,0.0,0.0,0.0,0.0,0.0,1.0,Neutral
Code of Conduct Breach – Match 70: LSG vs RCB - IPL,Code of Conduct Breach – Match 70: LSG vs RCB - IPL,0.0,0.0,0.0,0.0,0.0,1.0,Neutral
Decision over Chinnaswamy Stadium hosting IPL 2026 matches expected next week - Sportstar,Decision over Chinnaswamy Stadium hosting IPL 2026 matches expected next week - Sportstar,-0.05,0.2,0.0,0.0,0.0,1.0,Neutral
"Tata IPL 2025 Complete Schedule, Updated Fixture and Venues - IPL First Match - Vi","Tata IPL 2025 Complete Schedule, Updated Fixture and Venues - IPL First Match - Vi",0.175,0.3666666666666667,0.0,0.0,0.0,1.0,Neutral
"Cricbuzz Live: RCB v KKR, IPL 2025, Pre-match show - Cricbuzz.com","Cricbuzz Live: RCB v KKR, IPL 2025, Pre-match show - Cricbuzz.com",0.13636363636363635,0.5,0.0,0.0,0.0,1.0,Neutral
"Cricbuzz Live: LSG v RCB, IPL 2025, Pre-match show - Cricbuzz.com","Cricbuzz Live: LSG v RCB, IPL 2025, Pre-match show - Cricbuzz.com",0.13636363636363635,0.5,0.0,0.0,0.0,1.0,Neutral
Chinnaswamy Stadium Set To Resume IPL Cricket Matches In 2026 - Deccan Chronicle,Chinnaswamy Stadium Set To Resume IPL Cricket Matches In 2026 - Deccan Chronicle,0.0,0.0,0.0,0.0,0.0,1.0,Neutral
WPL 2026 schedule - full match list - olympics.com,WPL 2026 schedule - full match list - olympics.com,0.35,0.55,0.0,0.0,0.0,1.0,Neutral
"Cricbuzz Live: KKR v CSK, IPL 2025, Pre-match show - Cricbuzz.com","Cricbuzz Live: KKR v CSK, IPL 2025, Pre-match show - Cricbuzz.com",0.13636363636363635,0.5,0.0,0.0,0.0,1.0,Neutral
"Cricket commentary | Rajasthan Royals vs Punjab Kings, 59th Match, Indian Premier League 2025 - Cricbuzz.com","Cricket commentary | Rajasthan Royals vs Punjab Kings, 59th Match, Indian Premier League 2025 - Cricbuzz.com",0.0,0.0,0.0,0.0,0.0,1.0,Neutral
TATA IPL 2025 Playoffs tickets to go live on 24th May | IPLT20 - IPL,TATA IPL 2025 Playoffs tickets to go live on 24th May | IPLT20 - IPL,0.13636363636363635,0.5,0.0,0.0,0.0,1.0,Neutral
Pune's MCA Stadium Likely To Host RR Or RCB's Home Matches In IPL 2026 - News18,Pune's MCA Stadium Likely To Host RR Or RCB's Home Matches In IPL 2026 - News18,0.0,1.0,0.0,0.0,0.0,1.0,Neutral
IND vs SA: Dharamsala hosts first cricket match since IPL 2025 blackout amid Operation Sindoor - Sportstar,IND vs SA: Dharamsala hosts first cricket match since IPL 2025 blackout amid Operation Sindoor - Sportstar,0.25,0.3333333333333333,0.0,0.0,0.0,1.0,Neutral
IPL 2025: 'What I witnessed was not just a cricket match'— AB de Villiers on RCB’s historic title win - The Times of India,IPL 2025: 'What I witnessed was not just a cricket match'— AB de Villiers on RCB’s historic title win - The Times of India,0.4,0.2,0.5859,0.142,0.0,0.858,Positive
"IPL franchise joins boycott of India vs Pakistan Asia Cup match, in its own unique manner - The Times of India","IPL franchise joins boycott of India vs Pakistan Asia Cup match, in its own unique manner - The Times of India",0.4875,1.0,-0.3182,0.0,0.103,0.897,Negative
BCCI Suspends IPL Cricket Tournament Amid India-Pakistan Tensions; Remaining Matches To Be Held Later This Year: Report - Swarajyamag,BCCI Suspends IPL Cricket Tournament Amid India-Pakistan Tensions; Remaining Matches To Be Held Later This Year: Report - Swarajyamag,0.0,0.0,-0.4019,0.0,0.13,0.87,Negative
"Who won yesterday's IPL match, MI vs GT: Yesterday IPL match report - The Times of India","Who won yesterday's IPL match, MI vs GT: Yesterday IPL match report - The Times of India",0.0,0.0,0.5719,0.188,0.0,0.812,Positive
WPL 2026 Purple Cap: Leading wicket-takers list - olympics.com,WPL 2026 Purple Cap: Leading wicket-takers list - olympics.com,0.0,0.0,0.0,0.0,0.0,1.0,Neutral
"Cricket match squads | Gujarat Titans vs Mumbai Indians, Eliminator, Indian Premier League 2025 - Cricbuzz.com","Cricket match squads | Gujarat Titans vs Mumbai Indians, Eliminator, Indian Premier League 2025 - Cricbuzz.com",0.0,0.0,0.0,0.0,0.0,1.0,Neutral
Highest partnership in IPL - olympics.com,Highest partnership in IPL - olympics.com,0.0,0.0,0.0,0.0,0.0,1.0,Neutral
"Who won yesterday's IPL match, RCB vs KKR: Yesterday IPL match report - The Times of India","Who won yesterday's IPL match, RCB vs KKR: Yesterday IPL match report - The Times of India",0.0,0.0,0.5719,0.188,0.0,0.812,Positive
IPL Super Over: Know rules and complete list of matches - olympics.com,IPL Super Over: Know rules and complete list of matches - olympics.com,0.21666666666666667,0.5333333333333333,0.5994,0.262,0.0,0.738,Positive
"Who won yesterday's IPL match, SRH vs DC: Yesterday IPL match result - The Times of India","Who won yesterday's IPL match, SRH vs DC: Yesterday IPL match result - The Times of India",0.0,0.0,0.5719,0.188,0.0,0.812,Positive
"IPL 2025 Qualifier 1, PBKS vs RCB: When and Where to Watch Punjab Kings and Royal Challengers Bengaluru Match? - The Indian Express","IPL 2025 Qualifier 1, PBKS vs RCB: When and Where to Watch Punjab Kings and Royal Challengers Bengaluru Match? - The Indian Express",0.0,0.0,0.1027,0.06,0.0,0.94,Positive
"IPL 2025, PBKS-DC: Match called off amid blackout in Dharamsala due to security concerns - The Hindu","IPL 2025, PBKS-DC: Match called off amid blackout in Dharamsala due to security concerns - The Hindu",-0.125,0.375,0.34,0.13,0.0,0.87,Positive
IPL 2025 M12: MI vs KKR - Match Highlights - IPL,IPL 2025 M12: MI vs KKR - Match Highlights - IPL,0.0,0.0,0.0,0.0,0.0,1.0,Neutral
IPL 2025: Where to Watch Mumbai Indians vs Gujarat Titans Match? - The Indian Express,IPL 2025: Where to Watch Mumbai Indians vs Gujarat Titans Match? - The Indian Express,0.0,0.0,0.0,0.0,0.0,1.0,Neutral
IPL 2025 playoffs: Teams qualified - format and schedule - olympics.com,IPL 2025 playoffs: Teams qualified - format and schedule - olympics.com,0.0,0.0,0.0,0.0,0.0,1.0,Neutral
IPL 2025: RCB announces ticket refunds for abandoned KKR match - The Times of India,IPL 2025: RCB announces ticket refunds for abandoned KKR match - The Times of India,0.0,0.0,-0.4588,0.0,0.176,0.824,Negative
"IPL match today, PBKS vs RCB: Team prediction, head-to-head, pitch report, Ahmedabad weather update - The Times of India","IPL match today, PBKS vs RCB: Team prediction, head-to-head, pitch report, Ahmedabad weather update - The Times of India",0.0,0.0,0.0,0.0,0.0,1.0,Neutral
"Who won yesterday's IPL match, GT vs SRH: Yesterday IPL match result - The Times of India","Who won yesterday's IPL match, GT vs SRH: Yesterday IPL match result - The Times of India",0.0,0.0,0.7603,0.303,0.0,0.697,Positive
IPL 2025: PBKS vs DC live streaming: Where to watch cricket match today? - Business Standard,IPL 2025: PBKS vs DC live streaming: Where to watch cricket match today? - Business Standard,0.06818181818181818,0.25,0.0,0.0,0.0,1.0,Neutral
IPL 2025 suspended: How this affects remaining matches and playoff race - The Times of India,IPL 2025 suspended: How this affects remaining matches and playoff race - The Times of India,0.0,0.0,-0.4767,0.0,0.171,0.829,Negative
IPL 2025: Tournament resumes on May 17 with final slated for June 3 - The Indian Express,IPL 2025: Tournament resumes on May 17 with final slated for June 3 - The Indian Express,0.0,1.0,0.0,0.0,0.0,1.0,Neutral
"IPL 2025 Full Revised Schedule, Venues And Timings: No Match In Chennai, Hyderabad; Final In... - NDTV Sports","IPL 2025 Full Revised Schedule, Venues And Timings: No Match In Chennai, Hyderabad; Final In... - NDTV Sports",0.175,0.775,-0.296,0.0,0.115,0.885,Negative
Stampede at India cricket match leaves 11 dead - Taipei Times,Stampede at India cricket match leaves 11 dead - Taipei Times,-0.2,0.4,-0.7964,0.0,0.441,0.559,Negative
"IPL match today, MI vs DC: Team prediction, head-to-head, pitch report, Mumbai weather update - The Times of India","IPL match today, MI vs DC: Team prediction, head-to-head, pitch report, Mumbai weather update - The Times of India",0.0,0.0,0.0,0.0,0.0,1.0,Neutral
"IPL 2025 final teams, date, live time, venue, live streaming and telecast - Business Standard","IPL 2025 final teams, date, live time, venue, live streaming and telecast - Business Standard",0.06818181818181818,0.5,0.0,0.0,0.0,1.0,Neutral
Operation Sindoor impact on IPL: PBKS vs MI match could be moved out of Dharamsala - The Times of India,Operation Sindoor impact on IPL: PBKS vs MI match could be moved out of Dharamsala - The Times of India,0.0,0.0,0.0,0.0,0.0,1.0,Neutral
Kohli wins first IPL title as RCB beat Punjab Kings in final - Al Jazeera,Kohli wins first IPL title as RCB beat Punjab Kings in final - Al Jazeera,0.18333333333333335,0.5111111111111111,0.5719,0.209,0.0,0.791,Positive
Most expensive over in IPL - olympics.com,Most expensive over in IPL - olympics.com,0.0,0.6,0.0,0.0,0.0,1.0,Neutral
"Who won yesterday's IPL match, MI vs SRH: Yesterday IPL match result - The Times of India","Who won yesterday's IPL match, MI vs SRH: Yesterday IPL match result - The Times of India",0.0,0.0,0.5719,0.188,0.0,0.812,Positive
"Who won yesterday's IPL match, KKR vs GT: Yesterday IPL match result - The Times of India","Who won yesterday's IPL match, KKR vs GT: Yesterday IPL match result - The Times of India",0.0,0.0,0.5719,0.188,0.0,0.812,Positive
IPL 2025: Dharamshala game abandoned; BCCI convenes emergency meeting to decide way forward - The Times of India,IPL 2025: Dharamshala game abandoned; BCCI convenes emergency meeting to decide way forward - The Times of India,-0.4,0.4,-0.6808,0.0,0.259,0.741,Negative
India suspends IPL cricket league as clashes with Pakistan escalate - Reuters,India suspends IPL cricket league as clashes with Pakistan escalate - Reuters,0.0,0.0,0.0,0.0,0.0,1.0,Neutral
"Who won yesterday's IPL matches, LSG vs GT, SRH vs PBKS: Yesterday IPL match results - The Times of India","Who won yesterday's IPL matches, LSG vs GT, SRH vs PBKS: Yesterday IPL match results - The Times of India",0.0,0.0,0.5719,0.163,0.0,0.837,Positive
"IPL 2025 closing ceremony: Date, time, venue, performer details and where to watch live - The Times of India","IPL 2025 closing ceremony: Date, time, venue, performer details and where to watch live - The Times of India",0.13636363636363635,0.5,0.0,0.0,0.0,1.0,Neutral
"IPL 2025 Qualifier 2 schedule, teams, live match time, streaming, telecast - Business Standard","IPL 2025 Qualifier 2 schedule, teams, live match time, streaming, telecast - Business Standard",0.06818181818181818,0.25,0.0,0.0,0.0,1.0,Neutral
IPL 2025: Where to Watch Rajasthan Royals vs Mumbai Indians Match? - The Indian Express,IPL 2025: Where to Watch Rajasthan Royals vs Mumbai Indians Match? - The Indian Express,0.0,0.0,0.0,0.0,0.0,1.0,Neutral
"Who won yesterday's IPL match, KKR vs PBKS: Yesterday IPL match result - The Times of India","Who won yesterday's IPL match, KKR vs PBKS: Yesterday IPL match result - The Times of India",0.0,0.0,0.5719,0.188,0.0,0.812,Positive
IPL 2025: When and Where to Watch Lucknow Super Giants vs Delhi Capitals Match? - The Indian Express,IPL 2025: When and Where to Watch Lucknow Super Giants vs Delhi Capitals Match? - The Indian Express,0.3333333333333333,0.6666666666666666,0.5994,0.187,0.0,0.813,Positive
IPL 2025: When and Where to Watch RCB vs CSK Match? - The Indian Express,IPL 2025: When and Where to Watch RCB vs CSK Match? - The Indian Express,0.0,0.0,0.0,0.0,0.0,1.0,Neutral
IPL 2025: Where to Watch Gujarat Titans vs Sunrisers Hyderabad Match? - The Indian Express,IPL 2025: Where to Watch Gujarat Titans vs Sunrisers Hyderabad Match? - The Indian Express,0.0,0.0,0.0,0.0,0.0,1.0,Neutral
"IPL 2025 Qualifier 1 schedule: Teams, live match time, streaming, telecast - Business Standard","IPL 2025 Qualifier 1 schedule: Teams, live match time, streaming, telecast - Business Standard",0.06818181818181818,0.25,0.0,0.0,0.0,1.0,Neutral
Impact Player rule: How it works in the IPL - olympics.com,Impact Player rule: How it works in the IPL - olympics.com,0.0,0.0,0.0,0.0,0.0,1.0,Neutral
"Who won yesterday's IPL match, PBKS vs RCB and MI vs CSK: Yesterday IPL match result - The Times of India","Who won yesterday's IPL match, PBKS vs RCB and MI vs CSK: Yesterday IPL match result - The Times of India",0.0,0.0,0.5719,0.156,0.0,0.844,Positive
"Who won yesterday's IPL match, RCB vs DC: Yesterday IPL match result - The Times of India","Who won yesterday's IPL match, RCB vs DC: Yesterday IPL match result - The Times of India",0.0,0.0,0.5719,0.188,0.0,0.812,Positive
"IPL play-offs on Sky Sports as Royal Challengers Bengaluru, Punjab Kings, Mumbai Indians and Gujarat Titans vie for title - Sky Sports","IPL play-offs on Sky Sports as Royal Challengers Bengaluru, Punjab Kings, Mumbai Indians and Gujarat Titans vie for title - Sky Sports",0.0,0.0,0.1027,0.062,0.0,0.938,Positive
IPL 2025 schedule explained: What happens to the abandoned PBKS vs DC match in Dharamsala? - The Times of India,IPL 2025 schedule explained: What happens to the abandoned PBKS vs DC match in Dharamsala? - The Times of India,0.0,0.0,-0.4588,0.0,0.136,0.864,Negative
IPL 2025: Punjab Kings and Delhi Capitals match abandoned after reported floodlight failure - BBC,IPL 2025: Punjab Kings and Delhi Capitals match abandoned after reported floodlight failure - BBC,-0.31666666666666665,0.3,-0.743,0.0,0.326,0.674,Negative
Punjab Kings-Delhi Capitals Called Off Match To Be Replayed After IPL 2025 Resumes: Reports - NDTV Sports,Punjab Kings-Delhi Capitals Called Off Match To Be Replayed After IPL 2025 Resumes: Reports - NDTV Sports,0.0,0.0,0.0,0.0,0.0,1.0,Neutral
IPL 2025: Rain forces abandonment of RCB’s match against KKR - The Hindu,IPL 2025: Rain forces abandonment of RCB’s match against KKR - The Hindu,0.0,0.0,-0.5267,0.0,0.221,0.779,Negative
"Who won yesterday's IPL match, DC vs RR: Yesterday IPL match result - The Times of India","Who won yesterday's IPL match, DC vs RR: Yesterday IPL match result - The Times of India",0.0,0.0,0.5719,0.188,0.0,0.812,Positive
"SRH vs DC, IPL 2025: What is the cut-off time for a five-over match after rain delay? - Sportstar","SRH vs DC, IPL 2025: What is the cut-off time for a five-over match after rain delay? - Sportstar",0.0,0.0,-0.3182,0.0,0.113,0.887,Negative
IPL 2025: When and Where to Watch Kolkata Knight Riders vs Punjab Kings Match? - The Indian Express,IPL 2025: When and Where to Watch Kolkata Knight Riders vs Punjab Kings Match? - The Indian Express,0.0,0.0,0.0,0.0,0.0,1.0,Neutral
IPL 2025: Where to Watch Punjab Kings vs Royal Challengers Bengaluru Match? - The Indian Express,IPL 2025: Where to Watch Punjab Kings vs Royal Challengers Bengaluru Match? - The Indian Express,0.0,0.0,0.1027,0.085,0.0,0.915,Positive
IPL 2025: Where to Watch Gujarat Titans vs Delhi Capitals Match? - The Indian Express,IPL 2025: Where to Watch Gujarat Titans vs Delhi Capitals Match? - The Indian Express,0.0,0.0,0.0,0.0,0.0,1.0,Neutral
IPL 2025 RCB vs KKR Live Streaming: Where to watch cricket match today? - Business Standard,IPL 2025 RCB vs KKR Live Streaming: Where to watch cricket match today? - Business Standard,0.06818181818181818,0.25,0.0,0.0,0.0,1.0,Neutral
IPL 2025: Will rain play spoilsport in RCB vs PBKS cricket match today? - Business Standard,IPL 2025: Will rain play spoilsport in RCB vs PBKS cricket match today? - Business Standard,0.0,0.0,0.34,0.138,0.0,0.862,Positive
Major change in IPL playing conditions: All remaining league matches will have an extra time of 120 minutes | Cricket - Hindustan Times,Major change in IPL playing conditions: All remaining league matches will have an extra time of 120 minutes | Cricket - Hindustan Times,0.03125,0.3,0.2023,0.076,0.0,0.924,Positive
IPL 2025: Full list of prize money for teams and players as RCB gets ₹20 crore for winning first title - The Hindu,IPL 2025: Full list of prize money for teams and players as RCB gets ₹20 crore for winning first title - The Hindu,0.3666666666666667,0.5444444444444444,0.7717,0.242,0.0,0.758,Positive
"RCB vs PBKS head-to-head: IPL records, match results and full timeline - olympics.com","RCB vs PBKS head-to-head: IPL records, match results and full timeline - olympics.com",0.35,0.55,0.0,0.0,0.0,1.0,Neutral
"Who won yesterday's IPL match, LSG vs CSK: Yesterday IPL match result - The Times of India","Who won yesterday's IPL match, LSG vs CSK: Yesterday IPL match result - The Times of India",0.0,0.0,0.5719,0.188,0.0,0.812,Positive
"‘My time there was over’: Sanju Samson opens up on Rajasthan Royals exit, eyes fresh start with CSK - The Times of India","‘My time there was over’: Sanju Samson opens up on Rajasthan Royals exit, eyes fresh start with CSK - The Times of India",0.3,0.5,0.3182,0.095,0.0,0.905,Positive
Is CSK forcing a spot for MS Dhoni? De Villiers puzzled by veteran's role in IPL 2026 - India Today,Is CSK forcing a spot for MS Dhoni? De Villiers puzzled by veteran's role in IPL 2026 - India Today,0.0,0.0,-0.1779,0.0,0.082,0.918,Negative
"Sanju Samson Makes Big Remark On MS Dhoni Just Ahead Of IPL 2026: ""Spoken To Him"" - NDTV Sports","Sanju Samson Makes Big Remark On MS Dhoni Just Ahead Of IPL 2026: ""Spoken To Him"" - NDTV Sports",0.0,0.1,0.0,0.0,0.0,1.0,Neutral
IPL as big as international cricket: Ricky Ponting explains India's huge talent pool - India Today,IPL as big as international cricket: Ricky Ponting explains India's huge talent pool - India Today,0.13333333333333333,0.3333333333333333,0.6249,0.267,0.0,0.733,Positive
IPL 2026: Rohit Sharma hits powerful shots during Mumbai Indians’ intense training session – WATCH - news24online.com,IPL 2026: Rohit Sharma hits powerful shots during Mumbai Indians’ intense training session – WATCH - news24online.com,0.25,1.0,0.4767,0.215,0.0,0.785,Positive
"Cricket scorecard | Mumbai Indians vs Kolkata Knight Riders, 2nd Match, Indian Premier League 2026 - Cricbuzz.com","Cricket scorecard | Mumbai Indians vs Kolkata Knight Riders, 2nd Match, Indian Premier League 2026 - Cricbuzz.com",0.0,0.0,0.0,0.0,0.0,1.0,Neutral
"IPL 2026 Schedule Announcement Highlights: Kohli To Be Back In Action, RCB vs SRH On March 28 At Chinnaswam - News18","IPL 2026 Schedule Announcement Highlights: Kohli To Be Back In Action, RCB vs SRH On March 28 At Chinnaswam - News18",0.05,0.05,0.0,0.0,0.0,1.0,Neutral
Harshit Rana set to miss bulk of IPL season after knee surgery - ESPNcricinfo,Harshit Rana set to miss bulk of IPL season after knee surgery - ESPNcricinfo,0.0,0.0,-0.1531,0.0,0.11,0.89,Negative
IPL 2026: Injured Harshit Rana on crutches at BCCI Naman Awards - Watch - The Times of India,IPL 2026: Injured Harshit Rana on crutches at BCCI Naman Awards - Watch - The Times of India,0.0,0.0,0.0772,0.138,0.124,0.737,Positive
Blow To KKR As Harshit Rana Set To Miss Major Portion Of IPL 2026: Report - NDTV Sports,Blow To KKR As Harshit Rana Set To Miss Major Portion Of IPL 2026: Report - NDTV Sports,0.0625,0.5,-0.1531,0.0,0.086,0.914,Negative
Chinnaswamy stadium receives government clearance to host IPL 2026 final - ESPNcricinfo,Chinnaswamy stadium receives government clearance to host IPL 2026 final - ESPNcricinfo,0.0,1.0,0.0,0.0,0.0,1.0,Neutral
"Vaibhav Sooryavanshi Unfazed With Limelight And Attention, Says 'Focus On My Game' During Rajasthan Royals Jersey Launch - Outlook India","Vaibhav Sooryavanshi Unfazed With Limelight And Attention, Says 'Focus On My Game' During Rajasthan Royals Jersey Launch - Outlook India",-0.4,0.4,0.0,0.0,0.0,1.0,Neutral
‘I want to break that’: Vaibhav Sooryavanshi targets Chris Gayle’s iconic IPL record - The Times of India,‘I want to break that’: Vaibhav Sooryavanshi targets Chris Gayle’s iconic IPL record - The Times of India,0.5,0.5,0.0772,0.071,0.0,0.929,Positive
"Vaibhav Sooryavanshi's Wild Ambition Revealed Ahead Of IPL 2026: "" Wahi Record Todna Hai - NDTV Sports","Vaibhav Sooryavanshi's Wild Ambition Revealed Ahead Of IPL 2026: "" Wahi Record Todna Hai - NDTV Sports",0.1,0.4,0.0,0.0,0.0,1.0,Neutral
IPL 2026: Can Gill's Gujarat Titans clinch their second title? - NewsBytes,IPL 2026: Can Gill's Gujarat Titans clinch their second title? - NewsBytes,0.0,0.0,0.0,0.0,0.0,1.0,Neutral
Gujarat Titans launch digital ticketing for IPL 2026 matches - MSN,Gujarat Titans launch digital ticketing for IPL 2026 matches - MSN,0.0,0.0,0.0,0.0,0.0,1.0,Neutral
Skipper Shubman Gill Joins Gujarat Titans Camp Ahead of IPL 2026 - Deccan Chronicle,Skipper Shubman Gill Joins Gujarat Titans Camp Ahead of IPL 2026 - Deccan Chronicle,0.0,0.0,0.0,0.0,0.0,1.0,Neutral
From Kohli To Dhoni: Top 5 Indian Run‑Getters Who Dominate IPL's All‑Time Charts - Asianet Newsable,From Kohli To Dhoni: Top 5 Indian Run‑Getters Who Dominate IPL's All‑Time Charts - Asianet Newsable,0.5,0.5,0.0772,0.104,0.087,0.809,Positive
Virat Kohli Snubs Two-Time IPL Winner From His All-Time RCB XI. Mitchell Starc Included - NDTV Sports,Virat Kohli Snubs Two-Time IPL Winner From His All-Time RCB XI. Mitchell Starc Included - NDTV Sports,0.0,0.0,0.1779,0.174,0.142,0.685,Positive
"AB De Villiers Names Greatest T20 Player, Not Chris Gayle, Virat Kohli Or Rashid Khan. He's Not Even A Batter - NDTV Sports","AB De Villiers Names Greatest T20 Player, Not Chris Gayle, Virat Kohli Or Rashid Khan. He's Not Even A Batter - NDTV Sports",1.0,1.0,0.6369,0.16,0.0,0.84,Positive
Chennai Super Kings make big move before IPL 2026 as they… - Cricket Country,Chennai Super Kings make big move before IPL 2026 as they… - Cricket Country,0.16666666666666666,0.3833333333333333,0.5994,0.231,0.0,0.769,Positive
Harshit Rana’s IPL 2026 participation uncertain after knee surgery - The Times of India,Harshit Rana’s IPL 2026 participation uncertain after knee surgery - The Times of India,0.0,0.0,-0.296,0.0,0.145,0.855,Negative
Star Sports wants the youth to live without fear - manifest-media.in,Star Sports wants the youth to live without fear - manifest-media.in,0.16818181818181818,0.3,0.3875,0.208,0.0,0.792,Positive
Harshit Rana set to miss majority of IPL 2026 after knee surgery - India TV News,Harshit Rana set to miss majority of IPL 2026 after knee surgery - India TV News,0.0,0.0,-0.1531,0.0,0.096,0.904,Negative
Google seals exclusive IPL deal with JioStar to push Search AI Mode - bestmediainfo.com,Google seals exclusive IPL deal with JioStar to push Search AI Mode - bestmediainfo.com,0.0,0.0,0.128,0.103,0.0,0.897,Positive
IPL 2026: KKR pacer Harshit Rana set to miss most of season after surgery - Deccan Herald,IPL 2026: KKR pacer Harshit Rana set to miss most of season after surgery - Deccan Herald,0.5,0.5,-0.1531,0.0,0.091,0.909,Negative
Indian Premier League fixtures 2026 - Sky Sports,Indian Premier League fixtures 2026 - Sky Sports,0.0,0.0,0.0,0.0,0.0,1.0,Neutral
IPL 2026 schedule - full match list - olympics.com,IPL 2026 schedule - full match list - olympics.com,0.35,0.55,0.0,0.0,0.0,1.0,Neutral
KKR Take Stunning Decision Despite Losing Harshit Rana Just Ahead Of IPL 2026 - NDTV Sports,KKR Take Stunning Decision Despite Losing Harshit Rana Just Ahead Of IPL 2026 - NDTV Sports,0.5,1.0,0.5837,0.255,0.0,0.745,Positive
"Big update for Sunrisers Hyderabad: THESE players will captain the franchise in absence of Pat Cummins for IPL 2026, they are… - Cricket Country","Big update for Sunrisers Hyderabad: THESE players will captain the franchise in absence of Pat Cummins for IPL 2026, they are… - Cricket Country",-0.00625,0.05,0.0,0.0,0.0,1.0,Neutral
"Ex-MI Star Harbhajan Singh Sends Clear Message To Hardik Pandya Ahead Of IPL 2026: ""Not Just There To Compete"" - NDTV Sports","Ex-MI Star Harbhajan Singh Sends Clear Message To Hardik Pandya Ahead Of IPL 2026: ""Not Just There To Compete"" - NDTV Sports",0.09999999999999999,0.3833333333333333,0.3818,0.11,0.0,0.89,Positive
"Jasprit Bumrah Given Ultimate Praise Ahead Of IPL 2026: ""Pressure Comes Automatically"" - NDTV Sports","Jasprit Bumrah Given Ultimate Praise Ahead Of IPL 2026: ""Pressure Comes Automatically"" - NDTV Sports",0.0,1.0,0.34,0.191,0.117,0.691,Positive
Chennai Super Kings announce James Foster as new fielding coach ahead of IPL 2026 - India TV News,Chennai Super Kings announce James Foster as new fielding coach ahead of IPL 2026 - India TV News,0.23484848484848483,0.5606060606060606,0.5994,0.187,0.0,0.813,Positive
IPL 2026 jerseys - know all 10 team kits - olympics.com,IPL 2026 jerseys - know all 10 team kits - olympics.com,0.0,0.0,0.0,0.0,0.0,1.0,Neutral
Mumbai Indians unveils new jersey ahead of IPL 2026 - Sportstar,Mumbai Indians unveils new jersey ahead of IPL 2026 - Sportstar,0.13636363636363635,0.45454545454545453,0.0,0.0,0.0,1.0,Neutral
Chinnaswamy Ready for IPL Again as KSCA Moves Past Stampede Shadow - Open Magazine,Chinnaswamy Ready for IPL Again as KSCA Moves Past Stampede Shadow - Open Magazine,-0.016666666666666663,0.4166666666666667,-0.0772,0.145,0.162,0.694,Negative
When will IPL 2026 start? - olympics.com,When will IPL 2026 start? - olympics.com,0.0,0.0,0.0,0.0,0.0,1.0,Neutral
'I’ve spoken to Mahi bhai': Sanju Samson breaks silence on 1st time with MS Dhoni in IPL - The Times of India,'I’ve spoken to Mahi bhai': Sanju Samson breaks silence on 1st time with MS Dhoni in IPL - The Times of India,0.0,0.0,0.0,0.0,0.0,1.0,Neutral
"IPL 2026 Schedule: Fixtures Cleared But Will Be Released In Two Phases, Announcement On... - News18","IPL 2026 Schedule: Fixtures Cleared But Will Be Released In Two Phases, Announcement On... - News18",0.0,0.0,0.0516,0.074,0.0,0.926,Positive
'I try to ... ': Vaibhav Sooryavanshi reveals how he handles 'attention' - The Times of India,'I try to ... ': Vaibhav Sooryavanshi reveals how he handles 'attention' - The Times of India,0.0,0.0,0.0,0.0,0.0,1.0,Neutral
Chennai Super Kings Appoint James Foster As Fielding Coach For IPL 2026 - NDTV Sports,Chennai Super Kings Appoint James Foster As Fielding Coach For IPL 2026 - NDTV Sports,0.3333333333333333,0.6666666666666666,0.5994,0.218,0.0,0.782,Positive
Harshit Rana to miss large part of IPL 2026 after knee surgery - The News Mill,Harshit Rana to miss large part of IPL 2026 after knee surgery - The News Mill,0.21428571428571427,0.42857142857142855,-0.1531,0.0,0.096,0.904,Negative
Mumbai Indians Begin Preparatory Camp For IPL 2026 - NDTV Sports,Mumbai Indians Begin Preparatory Camp For IPL 2026 - NDTV Sports,0.0,0.0,0.0,0.0,0.0,1.0,Neutral
IPL 2026: Ishan Kishan to Captain Sunrisers Hyderabad? Pat Cummins Set to Miss First Few Matches For Kavya Maran's Orange Army - The Sunday Guardian,IPL 2026: Ishan Kishan to Captain Sunrisers Hyderabad? Pat Cummins Set to Miss First Few Matches For Kavya Maran's Orange Army - The Sunday Guardian,0.024999999999999994,0.21666666666666667,-0.1531,0.0,0.062,0.938,Negative
"IPL 2026: After Mustafizur, Harshit Rana blows, KKR get cryptic Matheesha Pathirana boost - The Times of India","IPL 2026: After Mustafizur, Harshit Rana blows, KKR get cryptic Matheesha Pathirana boost - The Times of India",0.0,0.0,0.4019,0.137,0.0,0.863,Positive
IPL 2026: Punjab Kings announce Jaypee & Jaypee Plus as Official Sponsor - MarcaMoney,IPL 2026: Punjab Kings announce Jaypee & Jaypee Plus as Official Sponsor - MarcaMoney,0.0,0.0,0.0,0.0,0.0,1.0,Neutral
Karnataka government clears Chinnaswamy stadium to host IPL 2026 matches - India Today,Karnataka government clears Chinnaswamy stadium to host IPL 2026 matches - India Today,0.0,0.0,0.0772,0.098,0.0,0.902,Positive
"Chinnaswamy Stadium cleared to host IPL games, and final - MillenniumPost","Chinnaswamy Stadium cleared to host IPL games, and final - MillenniumPost",0.0,1.0,0.1027,0.123,0.0,0.877,Positive
Rohit Sharma Returns to Mumbai Indians for 2026 IPL Season - The News Mill,Rohit Sharma Returns to Mumbai Indians for 2026 IPL Season - The News Mill,0.0,0.0,0.0,0.0,0.0,1.0,Neutral
No cricket talk: MS Dhoni had this advice for CSK's Rs 14.2 crore recruit Prashant Veer - The Times of India,No cricket talk: MS Dhoni had this advice for CSK's Rs 14.2 crore recruit Prashant Veer - The Times of India,0.0,0.0,-0.296,0.0,0.099,0.901,Negative
"New Zealand to tour Bangladesh during IPL 2026, schedule announced for 3 ODIs and 3 T20Is - India TV News","New Zealand to tour Bangladesh during IPL 2026, schedule announced for 3 ODIs and 3 T20Is - India TV News",0.13636363636363635,0.45454545454545453,0.0,0.0,0.0,1.0,Neutral
"""Love Is Player-Biased In India"": Riyan Parag's Big 'Premier League' Comparison On Fan Culture - NDTV Sports","""Love Is Player-Biased In India"": Riyan Parag's Big 'Premier League' Comparison On Fan Culture - NDTV Sports",0.25,0.35,0.7579,0.302,0.0,0.698,Positive
Chinnaswamy Stadium confirmed to host IPL 2026; Karnataka government grants formal clearance - The Hindu,Chinnaswamy Stadium confirmed to host IPL 2026; Karnataka government grants formal clearance - The Hindu,0.4,1.0,0.2263,0.119,0.0,0.881,Positive
IPL 2026 | Chinnaswamy Stadium receives final clearance to host matches - Deccan Herald,IPL 2026 | Chinnaswamy Stadium receives final clearance to host matches - Deccan Herald,0.0,1.0,0.0,0.0,0.0,1.0,Neutral
Gujarat Titans introduce digital ticketing for IPL 2026 home matches - Adgully.com,Gujarat Titans introduce digital ticketing for IPL 2026 home matches - Adgully.com,0.0,0.0,0.0,0.0,0.0,1.0,Neutral
"IPL 2026 Tickets: How To Buy Online And Offline, Prices And Timings - Wisden","IPL 2026 Tickets: How To Buy Online And Offline, Prices And Timings - Wisden",0.0,0.0,-0.128,0.0,0.103,0.897,Negative
"Kohli over Gayle, Dhoni over Rohit, MI over CSK: Vaughan’s bold IPL GOAT picks - Gulf News","Kohli over Gayle, Dhoni over Rohit, MI over CSK: Vaughan’s bold IPL GOAT picks - Gulf News",0.3333333333333333,0.6666666666666666,0.3818,0.14,0.0,0.86,Positive
How Azhar Mahmood played IPL despite Pakistan player ban since 2009 | Throwback - The Times of India,How Azhar Mahmood played IPL despite Pakistan player ban since 2009 | Throwback - The Times of India,0.0,0.0,0.6513,0.25,0.0,0.75,Positive
KKR’s Harshit Rana to miss bulk of IPL 2026 after knee surgery - The Economic Times,KKR’s Harshit Rana to miss bulk of IPL 2026 after knee surgery - The Economic Times,0.2,0.2,-0.1531,0.0,0.096,0.904,Negative
Sanju Samson breaks silence on leaving Rajasthan Royals and joining CSK for IPL 2026: 'Don't let emotions rule me' | Cricket - Hindustan Times,Sanju Samson breaks silence on leaving Rajasthan Royals and joining CSK for IPL 2026: 'Don't let emotions rule me' | Cricket - Hindustan Times,0.0,0.0,0.0,0.0,0.0,1.0,Neutral
Shane Warne Holds Record for Most Wins as Captain in a Single Indian Premier League Season - Patrika News,Shane Warne Holds Record for Most Wins as Captain in a Single Indian Premier League Season - Patrika News,0.24285714285714288,0.30476190476190473,0.6115,0.182,0.0,0.818,Positive
IPL Purple Cap Winners List: Bowlers Who Dominated From 2008 To 2025 - ABP Live English,IPL Purple Cap Winners List: Bowlers Who Dominated From 2008 To 2025 - ABP Live English,0.06818181818181818,0.25,0.4767,0.171,0.0,0.829,Positive
Riyan Parag Shares Passion for Premier League Ahead of IPL 2026 - The News Mill,Riyan Parag Shares Passion for Premier League Ahead of IPL 2026 - The News Mill,0.0,0.0,0.6369,0.286,0.0,0.714,Positive
Chinnaswamy Stadium cleared: Karnataka govt approves IPL 2026 matches in BLR - Deccan Herald,Chinnaswamy Stadium cleared: Karnataka govt approves IPL 2026 matches in BLR - Deccan Herald,0.0,0.0,0.4767,0.255,0.0,0.745,Positive
Can a 14-year-old break Gayle’s records? Vaibhav Suryavanshi ready for IPL 19! - NewsFirst Prime,Can a 14-year-old break Gayle’s records? Vaibhav Suryavanshi ready for IPL 19! - NewsFirst Prime,0.25,0.5,0.4199,0.166,0.0,0.834,Positive
RR Match Tickets: When & how to buy for IPL 2026 first phase - Khel Now,RR Match Tickets: When & how to buy for IPL 2026 first phase - Khel Now,0.25,0.3333333333333333,0.0,0.0,0.0,1.0,Neutral
"IPL 2026: Lucknow Super Giants begin training camp in Lucknow, Pant and Shami to join on Tuesday - IANS LIVE","IPL 2026: Lucknow Super Giants begin training camp in Lucknow, Pant and Shami to join on Tuesday - IANS LIVE",0.23484848484848483,0.5833333333333333,0.7269,0.253,0.0,0.747,Positive
IPL 2026: From Highest Run Scorers To Leading Wicket Takers — Recap Of The Big Stats From 2025 Season - NDTV Profit,IPL 2026: From Highest Run Scorers To Leading Wicket Takers — Recap Of The Big Stats From 2025 Season - NDTV Profit,0.0,0.1,0.4404,0.121,0.0,0.879,Positive
"BCCI changes plans for IPL 2026, start of tournament set to be pushed back | Cricket - Hindustan Times","BCCI changes plans for IPL 2026, start of tournament set to be pushed back | Cricket - Hindustan Times",0.0,0.0,0.0,0.0,0.0,1.0,Neutral
Ishan Kishan likely to captain Sunrisers Hyderabad in IPL 2026 amid uncertainty over Pat Cummins’ availability: Report | Cricket - Hindustan Times,Ishan Kishan likely to captain Sunrisers Hyderabad in IPL 2026 amid uncertainty over Pat Cummins’ availability: Report | Cricket - Hindustan Times,0.0,1.0,-0.34,0.0,0.103,0.897,Negative
James Foster Appointed Fielding Coach of Chennai Super Kings Ahead of IPL 2026 - The CSR Journal,James Foster Appointed Fielding Coach of Chennai Super Kings Ahead of IPL 2026 - The CSR Journal,0.3333333333333333,0.6666666666666666,0.5994,0.196,0.0,0.804,Positive
IPL 2026: James Foster named Chennai Super Kings fielding coach - Tribune India,IPL 2026: James Foster named Chennai Super Kings fielding coach - Tribune India,0.3333333333333333,0.6666666666666666,0.5994,0.245,0.0,0.755,Positive
India's T20 World Cup Hero Likely To Captain Sunrisers Hyderabad In Pat Cummins' Absence. Not Abhishek Sharma - NDTV Sports,India's T20 World Cup Hero Likely To Captain Sunrisers Hyderabad In Pat Cummins' Absence. Not Abhishek Sharma - NDTV Sports,-0.00625,0.5,0.5574,0.159,0.0,0.841,Positive
‘I think Hardik Pandya needs to unleash his real Hardik Pandya version’: Harbhajan Singh on how Mumbai Indians can win 6th IPL title - The Indian Express,‘I think Hardik Pandya needs to unleash his real Hardik Pandya version’: Harbhajan Singh on how Mumbai Indians can win 6th IPL title - The Indian Express,0.5,0.35000000000000003,0.5859,0.128,0.0,0.872,Positive
"IPL 2026: Abhishek, Ishan In Race To Captain SRH In Initial Games In Pat Cummins’ Absence | Today Cricket Match in English - Cricketnmore","IPL 2026: Abhishek, Ishan In Race To Captain SRH In Initial Games In Pat Cummins’ Absence | Today Cricket Match in English - Cricketnmore",-0.004166666666666667,0.0,0.0,0.0,0.0,1.0,Neutral
Bengaluru’s Chinnaswamy Stadium cleared to host RCB’s IPL 2026 matches - The News Minute,Bengaluru’s Chinnaswamy Stadium cleared to host RCB’s IPL 2026 matches - The News Minute,0.0,0.0,0.1027,0.097,0.0,0.903,Positive
IPL 2026 Early Preview: All Your Key Questions Answered - Outlook India,IPL 2026 Early Preview: All Your Key Questions Answered - Outlook India,0.05,0.65,0.0,0.0,0.0,1.0,Neutral
IPL 2026: Chennai Super Kings Appoint James Foster As Fielding Coach - Outlook India,IPL 2026: Chennai Super Kings Appoint James Foster As Fielding Coach - Outlook India,0.3333333333333333,0.6666666666666666,0.5994,0.231,0.0,0.769,Positive
IPL 2026: Rohit Sharma officially joins Mumbai Indians' pre-season camp - Asianet Newsable,IPL 2026: Rohit Sharma officially joins Mumbai Indians' pre-season camp - Asianet Newsable,0.0,0.0,0.0,0.0,0.0,1.0,Neutral
"IPL 2026 Schedule Announcement: Indian Premier League Starts March 28, Final in Bengaluru on May 31 - Oneindia","IPL 2026 Schedule Announcement: Indian Premier League Starts March 28, Final in Bengaluru on May 31 - Oneindia",0.0,1.0,0.0,0.0,0.0,1.0,Neutral
IPL 2026: Kolkata Knight Riders Not Seeking Replacements For Injured Harshit Rana And Matheesha Pathirana - Outlook India,IPL 2026: Kolkata Knight Riders Not Seeking Replacements For Injured Harshit Rana And Matheesha Pathirana - Outlook India,0.0,0.0,-0.4019,0.0,0.137,0.863,Negative
"IPL 2026: Lucknow Super Giants Begin Training Camp In Lucknow, Pant And Shami To Join On Tuesday | Today Cricket Match in English - Cricketnmore","IPL 2026: Lucknow Super Giants Begin Training Camp In Lucknow, Pant And Shami To Join On Tuesday | Today Cricket Match in English - Cricketnmore",0.16666666666666666,0.3333333333333333,0.7269,0.21,0.0,0.79,Positive
"After Safety Upgrades, Chinnaswamy Stadium Gets Green Signal for IPL 2026 - The Morning Voice","After Safety Upgrades, Chinnaswamy Stadium Gets Green Signal for IPL 2026 - The Morning Voice",-0.2,0.3,0.4215,0.167,0.0,0.833,Positive
Kerala High Court Dismisses PIL Challenging Use Of Name “Indian Premier League” By BCCI - Verdictum,Kerala High Court Dismisses PIL Challenging Use Of Name “Indian Premier League” By BCCI - Verdictum,0.33,0.77,0.1531,0.096,0.0,0.904,Positive
Indian Premier League 2026 Schedule: RCB vs SRH to open season as BCCI unveils first phase; check full mat - The Economic Times,Indian Premier League 2026 Schedule: RCB vs SRH to open season as BCCI unveils first phase; check full mat - The Economic Times,0.2,0.3958333333333333,0.0,0.0,0.0,1.0,Neutral
"Liam Livingstone Slams England Communication, Praises IPL After RCB Exit - myKhel","Liam Livingstone Slams England Communication, Praises IPL After RCB Exit - myKhel",0.0,0.0,0.5267,0.236,0.0,0.764,Positive
"IPL squads 2026: Jos Buttler, Jofra Archer, Phil Salt and Liam Livingstone among England players signed - Sky Sports","IPL squads 2026: Jos Buttler, Jofra Archer, Phil Salt and Liam Livingstone among England players signed - Sky Sports",0.0,0.0,0.0,0.0,0.0,1.0,Neutral
M Chinnaswamy Stadium gets Karnataka govt nod for hosting IPL 2026 matches - The Economic Times,M Chinnaswamy Stadium gets Karnataka govt nod for hosting IPL 2026 matches - The Economic Times,0.2,0.2,0.0,0.0,0.0,1.0,Neutral
Punjab Kings sign household brand Jaypee as official sponsor ahead of IPL 2026 - cricexec,Punjab Kings sign household brand Jaypee as official sponsor ahead of IPL 2026 - cricexec,0.0,0.0,0.0,0.0,0.0,1.0,Neutral
The rising popularity of IPL betting markets ahead of the new season - Yogonet,The rising popularity of IPL betting markets ahead of the new season - Yogonet,0.13636363636363635,0.45454545454545453,0.4767,0.193,0.0,0.807,Positive
M Chinnaswamy Stadium Cleared To Host RCB's IPL 2026 Home Games After Clearance From Karnataka Government - Outlook India,M Chinnaswamy Stadium Cleared To Host RCB's IPL 2026 Home Games After Clearance From Karnataka Government - Outlook India,0.0,0.0,0.1027,0.072,0.0,0.928,Positive
IPL 2026: What could be Gujarat Titans's strongest XI? - NewsBytes,IPL 2026: What could be Gujarat Titans's strongest XI? - NewsBytes,0.0,0.0,0.4404,0.225,0.0,0.775,Positive
Injury Cloud Over Harshit Rana Ahead of Indian Premier League - parallelsports.in,Injury Cloud Over Harshit Rana Ahead of Indian Premier League - parallelsports.in,0.0,0.0,-0.4215,0.0,0.203,0.797,Negative
Gujarat Titans go digital for IPL 2026; tickets now live on BookMyShow and Titans FAM app - Passionate In Marketing,Gujarat Titans go digital for IPL 2026; tickets now live on BookMyShow and Titans FAM app - Passionate In Marketing,0.028787878787878782,0.45,0.5267,0.152,0.0,0.848,Positive
"Rajasthan Royals tickets, IPL 2026: Where to buy and how to watch RR matches - Rajasthan Royals","Rajasthan Royals tickets, IPL 2026: Where to buy and how to watch RR matches - Rajasthan Royals",0.0,0.0,0.0,0.0,0.0,1.0,Neutral
Sunil Gavaskar says Abrar Ahmed signing 'contributes to deaths of Indians' - BBC,Sunil Gavaskar says Abrar Ahmed signing 'contributes to deaths of Indians' - BBC,0.0,0.0,0.0,0.0,0.0,1.0,Neutral
IPL 2026: Why 19th Season of Indian Premier League Set to be the Biggest Ever? Explained - Asianet Newsable,IPL 2026: Why 19th Season of Indian Premier League Set to be the Biggest Ever? Explained - Asianet Newsable,0.0,0.0,0.0,0.0,0.0,1.0,Neutral
"Live Cricket Score, Schedule, Latest News, Stats & Videos - Cricbuzz.com","Live Cricket Score, Schedule, Latest News, Stats & Videos - Cricbuzz.com",0.3181818181818182,0.7,0.0,0.0,0.0,1.0,Neutral
"IPL 2026 impact player options of CSK, MI, RCB, KKR, SRH, RR, PBKS, GT, LSG, DC - In Pics - Zee News","IPL 2026 impact player options of CSK, MI, RCB, KKR, SRH, RR, PBKS, GT, LSG, DC - In Pics - Zee News",0.0,0.0,0.0,0.0,0.0,1.0,Neutral
'Contributing to Indian casualties': Gavaskar hits out at SRH owners signing Pak's Abrar in England's Hundred - WION,'Contributing to Indian casualties': Gavaskar hits out at SRH owners signing Pak's Abrar in England's Hundred - WION,0.0,0.0,0.0,0.0,0.0,1.0,Neutral
"Ravindra Jadeja at 4, NO Sam Curran; Ex-CSK Legend Suresh Raina Predicts RR's Playing XI For IPL 2026 - Republic World","Ravindra Jadeja at 4, NO Sam Curran; Ex-CSK Legend Suresh Raina Predicts RR's Playing XI For IPL 2026 - Republic World",0.0,0.0,-0.2808,0.076,0.124,0.801,Negative
'I Left Rajasthan Because...': Sanju Samson Breaks Silence On RR Exit Ahead Of IPL 2026 - News18,'I Left Rajasthan Because...': Sanju Samson Breaks Silence On RR Exit Ahead Of IPL 2026 - News18,0.0,0.0,0.0,0.0,0.0,1.0,Neutral
IPL 2026 player list - all teams' squads - olympics.com,IPL 2026 player list - all teams' squads - olympics.com,0.0,0.0,0.0,0.0,0.0,1.0,Neutral
"Who Are The Last Pakistan Players To Play In An IPL Final? Not Shoaib Akhtar, Shahid Afridi - NDTV Sports","Who Are The Last Pakistan Players To Play In An IPL Final? Not Shoaib Akhtar, Shahid Afridi - NDTV Sports",0.0,0.5333333333333333,0.34,0.112,0.0,0.888,Positive
Will Harshit Rana still earn Rs 4 crore despite missing IPL 2026? - Zee News,Will Harshit Rana still earn Rs 4 crore despite missing IPL 2026? - Zee News,-0.2,0.05,0.2235,0.119,0.0,0.881,Positive
IPL 2026: Ishan Kishan likely to lead SRH - The Times of India,IPL 2026: Ishan Kishan likely to lead SRH - The Times of India,0.0,1.0,0.0,0.0,0.0,1.0,Neutral
"Not Suresh Raina, THIS star player gets big role in Dhoni's CSK ahead of IPL 2026 season, name is... - India.Com","Not Suresh Raina, THIS star player gets big role in Dhoni's CSK ahead of IPL 2026 season, name is... - India.Com",0.0,0.1,0.0,0.0,0.0,1.0,Neutral
"Rohit Sharma As Impact Player, No Rickelton And Shardul? Mumbai Indians' Strongest XI For IPL 2026 - News18","Rohit Sharma As Impact Player, No Rickelton And Shardul? Mumbai Indians' Strongest XI For IPL 2026 - News18",0.0,0.0,0.1779,0.137,0.104,0.758,Positive
IPL 2026: Three Players Who Can Replace Harshit Rana In Kolkata Knight Riders Squad - The Sunday Guardian,IPL 2026: Three Players Who Can Replace Harshit Rana In Kolkata Knight Riders Squad - The Sunday Guardian,0.0,0.0,0.0,0.0,0.0,1.0,Neutral
"5 players who left Pakistan Super League to join IPL: Blessing Muzarabani, Corbin Bosch and... - Zee News","5 players who left Pakistan Super League to join IPL: Blessing Muzarabani, Corbin Bosch and... - Zee News",0.16666666666666666,0.3333333333333333,0.8519,0.383,0.0,0.617,Positive
"Rajasthan Royals switch to blue jerseys for IPL 2026: Jadeja returns after 17 years, calls squad 'ultra-you... - Bhaskar English","Rajasthan Royals switch to blue jerseys for IPL 2026: Jadeja returns after 17 years, calls squad 'ultra-you... - Bhaskar English",0.0,0.05,0.0,0.0,0.0,1.0,Neutral
"Sunrisers Hyderabad predicted Playing XI and Impact Player for IPL 2026: Travis Head, Abhishek Sharma to open; Ishan Kishan to bat at...;check full lineup - Zee News","Sunrisers Hyderabad predicted Playing XI and Impact Player for IPL 2026: Travis Head, Abhishek Sharma to open; Ishan Kishan to bat at...;check full lineup - Zee News",0.175,0.525,0.2023,0.065,0.0,0.935,Positive
Buying Pak players contributes to death of Indian soldiers: Gavaskar slams SRH owners - India Today,Buying Pak players contributes to death of Indian soldiers: Gavaskar slams SRH owners - India Today,0.0,0.0,-0.5994,0.0,0.206,0.794,Negative
KKR's Harshit Rana is out for most of IPL 2026 after knee surgery: Reports - sportsyaari.com,KKR's Harshit Rana is out for most of IPL 2026 after knee surgery: Reports - sportsyaari.com,0.5,0.5,0.0,0.0,0.0,1.0,Neutral
IPL 2026: Arshdeep Singh set to become first player to achieve THIS feat for Punjab Kings - Mid-day,IPL 2026: Arshdeep Singh set to become first player to achieve THIS feat for Punjab Kings - Mid-day,0.25,0.3333333333333333,0.0,0.0,0.0,1.0,Neutral
Ravindra Jadeja reveals his role at Rajasthan Royals for IPL 2026 - Patrika News,Ravindra Jadeja reveals his role at Rajasthan Royals for IPL 2026 - Patrika News,0.0,0.0,0.0,0.0,0.0,1.0,Neutral
Harshit Rana likely to miss major chunk of IPL 2026 - NewsBytes,Harshit Rana likely to miss major chunk of IPL 2026 - NewsBytes,0.03125,0.75,-0.1531,0.0,0.127,0.873,Negative
"Bad news for Shah Rukh Khan's KKR before IPL 2026, star player set to be RULED out due to... - India.Com","Bad news for Shah Rukh Khan's KKR before IPL 2026, star player set to be RULED out due to... - India.Com",-0.4124999999999999,0.5208333333333333,-0.5423,0.0,0.149,0.851,Negative
From Abu Dhabi to the IPL: Yash Punja blazing a trail to cricket's big league - thenationalnews.com,From Abu Dhabi to the IPL: Yash Punja blazing a trail to cricket's big league - thenationalnews.com,0.0,0.1,0.0,0.0,0.0,1.0,Neutral
From Glenn Maxwell to Andre Russell: Players who will miss IPL 2026 - India.Com,From Glenn Maxwell to Andre Russell: Players who will miss IPL 2026 - India.Com,0.0,0.0,-0.1531,0.0,0.11,0.89,Negative
"Former india player backs Sanju Samson for No.3 spot, predicts CSK batting line-up for IPL 2026 - OTTPlay","Former india player backs Sanju Samson for No.3 spot, predicts CSK batting line-up for IPL 2026 - OTTPlay",0.0,0.0,-0.0516,0.0,0.066,0.934,Negative
Aakash Chopra picks Gujarat Titans’ Playing XI ahead of IPL 2026 - Crictoday,Aakash Chopra picks Gujarat Titans’ Playing XI ahead of IPL 2026 - Crictoday,0.0,0.0,0.2023,0.13,0.0,0.87,Positive
‘I’ll hit it’: Samson reveals Sooryavanshi’s fearless chat with Dravid before IPL debut - The Times of India,‘I’ll hit it’: Samson reveals Sooryavanshi’s fearless chat with Dravid before IPL debut - The Times of India,0.0,0.0,0.4404,0.146,0.0,0.854,Positive
IPL 2026: Kishan likely to lead SRH in Cummins's absence - NewsBytes,IPL 2026: Kishan likely to lead SRH in Cummins's absence - NewsBytes,-0.00625,0.5,0.0,0.0,0.0,1.0,Neutral
Harbhajan Singh picks Mumbai Indians’ four overseas players for IPL 2026 - Crictoday,Harbhajan Singh picks Mumbai Indians’ four overseas players for IPL 2026 - Crictoday,0.0,0.0,0.0,0.0,0.0,1.0,Neutral
‘Letting Shreyas Iyer and Phil Salt leave...’: Anil Kumble on KKR’s IPL retention calls - WION,‘Letting Shreyas Iyer and Phil Salt leave...’: Anil Kumble on KKR’s IPL retention calls - WION,0.0,0.0,0.0,0.0,0.0,1.0,Neutral
IPL 2026: Harbhajan Singh wants THIS player to bring his A game in upcoming edition - Mid-day,IPL 2026: Harbhajan Singh wants THIS player to bring his A game in upcoming edition - Mid-day,-0.1,0.25,0.0,0.0,0.0,1.0,Neutral
From MS Dhoni to Ajinkya Rahane: IPL 2026 Could Be the Last Dance for Several Legends - Open Magazine,From MS Dhoni to Ajinkya Rahane: IPL 2026 Could Be the Last Dance for Several Legends - Open Magazine,0.0,0.18888888888888888,0.0,0.0,0.0,1.0,Neutral
IPL 2026: Sanju Samson sees playing alongside MS Dhoni as an opportunity to learn from CSK's legend - Mid-day,IPL 2026: Sanju Samson sees playing alongside MS Dhoni as an opportunity to learn from CSK's legend - Mid-day,0.0,0.0,0.5574,0.213,0.0,0.787,Positive
"4 overseas players who might start for Mumbai Indians in IPL 2026: Quinton de Kock, Will Jacks and... - Zee News","4 overseas players who might start for Mumbai Indians in IPL 2026: Quinton de Kock, Will Jacks and... - Zee News",0.0,0.0,0.0,0.0,0.0,1.0,Neutral
TATA IPL 2026 - Player Trade updates - IPL,TATA IPL 2026 - Player Trade updates - IPL,0.0,0.0,0.0,0.0,0.0,1.0,Neutral
"IPL 2026: Five Foreign Stars Set for Debut, One Gets Surprise Entry - Patrika News","IPL 2026: Five Foreign Stars Set for Debut, One Gets Surprise Entry - Patrika News",-0.125,0.125,0.2732,0.13,0.0,0.87,Positive
5 players with the most wickets in IPL history - India TV News,5 players with the most wickets in IPL history - India TV News,0.5,0.5,0.0,0.0,0.0,1.0,Neutral
IPL 2026: Who all make it to PBKS's best XI? - NewsBytes,IPL 2026: Who all make it to PBKS's best XI? - NewsBytes,1.0,0.3,0.6369,0.276,0.0,0.724,Positive
Vaibhav Sooryavanshi Eyes IPL 2026 Trophy with Rajasthan Royals - The CSR Journal,Vaibhav Sooryavanshi Eyes IPL 2026 Trophy with Rajasthan Royals - The CSR Journal,0.0,0.0,0.0,0.0,0.0,1.0,Neutral
"4 overseas players who are likely to start for Delhi Capitals in IPL 2026: Mitchell Starc, Tristan Stubbs and... - Zee News","4 overseas players who are likely to start for Delhi Capitals in IPL 2026: Mitchell Starc, Tristan Stubbs and... - Zee News",0.0,1.0,0.0,0.0,0.0,1.0,Neutral
Top 10 oldest players in IPL 2026 - From MS Dhoni to Rohit Sharma - Zee News,Top 10 oldest players in IPL 2026 - From MS Dhoni to Rohit Sharma - Zee News,0.5,0.5,0.2023,0.101,0.0,0.899,Positive
"IPL 2026: “He should be on ground for 40 overs,” Aakash Chopra, Harbhajan Singh oppose Rohit Sharma’s utilization as Impact Player - Circle Of Cricket","IPL 2026: “He should be on ground for 40 overs,” Aakash Chopra, Harbhajan Singh oppose Rohit Sharma’s utilization as Impact Player - Circle Of Cricket",0.0,0.0,0.0,0.0,0.0,1.0,Neutral
IPL 2026: Sunil Narine to Hardik Pandya - 5 All-Rounders who can Win MVP Award This Season - myKhel,IPL 2026: Sunil Narine to Hardik Pandya - 5 All-Rounders who can Win MVP Award This Season - myKhel,0.8,0.4,0.8074,0.3,0.0,0.7,Positive
MS Dhoni To Retire After IPL 2026? Ex-CSK Teammate Makes Huge 'On His Way Out' Prediction - NDTV Sports,MS Dhoni To Retire After IPL 2026? Ex-CSK Teammate Makes Huge 'On His Way Out' Prediction - NDTV Sports,0.39999999999999997,0.9,0.3182,0.113,0.0,0.887,Positive
Punjab Kings are back for IPL 2026 and the history working against them is 18 seasons old - sportsyaari.com,Punjab Kings are back for IPL 2026 and the history working against them is 18 seasons old - sportsyaari.com,0.05,0.1,0.0,0.0,0.0,1.0,Neutral
Oldest IPL players in 2026: MS Dhoni tops list at 44 - myKhel,Oldest IPL players in 2026: MS Dhoni tops list at 44 - myKhel,0.0,0.0,0.5106,0.216,0.0,0.784,Positive
"IPL 2026: 5 players who may win Purple Cap this season, they are… - news24online.com","IPL 2026: 5 players who may win Purple Cap this season, they are… - news24online.com",0.8,0.4,0.5859,0.213,0.0,0.787,Positive
IPL 2026: Top Five Highest-Paid Stars Ft. Rishabh Pant - ABP Live English,IPL 2026: Top Five Highest-Paid Stars Ft. Rishabh Pant - ABP Live English,0.21212121212121213,0.3333333333333333,0.2023,0.13,0.0,0.87,Positive
IPL 2026: Here is a look at the updated squads of all 10 teams - sportsyaari.com,IPL 2026: Here is a look at the updated squads of all 10 teams - sportsyaari.com,0.0,0.0,0.0,0.0,0.0,1.0,Neutral
MS Dhoni to bat at no 8 for CSK? ‘Mentor-cum-player’ role predicted in possible final IPL season | Cricket - Hindustan Times,MS Dhoni to bat at no 8 for CSK? ‘Mentor-cum-player’ role predicted in possible final IPL season | Cricket - Hindustan Times,0.0,1.0,-0.296,0.0,0.095,0.905,Negative
KKR Match Tickets: When & how to buy for IPL 2026 first phase - Khel Now,KKR Match Tickets: When & how to buy for IPL 2026 first phase - Khel Now,0.25,0.3333333333333333,0.0,0.0,0.0,1.0,Neutral
IPL 2026: Top Five Active Players With Most Catches - ABP Live English,IPL 2026: Top Five Active Players With Most Catches - ABP Live English,0.2006060606060606,0.42000000000000004,0.5423,0.29,0.0,0.71,Positive
IPL 2026: Who is Pakistani player Abrar Ahmed? Why his signing with Kavya Maran's Sunrisers Leeds in The Hundred sparks controversy - DNA India,IPL 2026: Who is Pakistani player Abrar Ahmed? Why his signing with Kavya Maran's Sunrisers Leeds in The Hundred sparks controversy - DNA India,0.0,0.0,0.0,0.0,0.0,1.0,Neutral
Ravindra Jadeja Excited To Play With Rajasthan Royals Youngsters In IPL 2026 After 17-Year Gap - myKhel,Ravindra Jadeja Excited To Play With Rajasthan Royals Youngsters In IPL 2026 After 17-Year Gap - myKhel,0.375,0.75,0.5859,0.242,0.0,0.758,Positive
Five reasons why fans can't wait for the IPL 2026 season to begin - Business Standard,Five reasons why fans can't wait for the IPL 2026 season to begin - Business Standard,0.0,0.0,0.0,0.0,0.0,1.0,Neutral
Have CSK taken a risky INR 28.4 crore gamble on Prashant Veer and Kartik Sharma? - sportsyaari.com,Have CSK taken a risky INR 28.4 crore gamble on Prashant Veer and Kartik Sharma? - sportsyaari.com,0.0,0.0,-0.2023,0.0,0.101,0.899,Negative
"Rajasthan Royals unveil blue jerseys for IPL 2026: Ravindra Jadeja homecoming after 17 years, says 'Will share my suggestions with team' - MSN","Rajasthan Royals unveil blue jerseys for IPL 2026: Ravindra Jadeja homecoming after 17 years, says 'Will share my suggestions with team' - MSN",0.0,0.1,0.296,0.091,0.0,0.909,Positive
Most IPL Titles by a Player: Rohit Sharma Leads All-Time Winners List - myKhel,Most IPL Titles by a Player: Rohit Sharma Leads All-Time Winners List - myKhel,0.5,0.5,0.4767,0.193,0.0,0.807,Positive
"Kevin Pietersen recalls how he was caught in middle of ECB vs Lalit Modi when IPL was in its infancy: ‘More money, and miss a couple of Test matches…didn’t matter’ - The Indian Express","Kevin Pietersen recalls how he was caught in middle of ECB vs Lalit Modi when IPL was in its infancy: ‘More money, and miss a couple of Test matches…didn’t matter’ - The Indian Express",0.25,0.25,-0.1531,0.0,0.046,0.954,Negative
Sachin Tendulkar's Unique IPL Record Remains Unbroken For 18 Years - ABP Live English,Sachin Tendulkar's Unique IPL Record Remains Unbroken For 18 Years - ABP Live English,0.17045454545454544,0.5,0.0,0.0,0.0,1.0,Neutral
Former Rajasthan cricketer predicts tough IPL 2026 for Vaibhav Suryavanshi - Crictoday,Former Rajasthan cricketer predicts tough IPL 2026 for Vaibhav Suryavanshi - Crictoday,-0.19444444444444445,0.4166666666666667,-0.128,0.0,0.12,0.88,Negative
"Vaibhav Sooryavanshi sets eyes on Chris Gayle’s 175-run record, IPL trophy - The Indian Express","Vaibhav Sooryavanshi sets eyes on Chris Gayle’s 175-run record, IPL trophy - The Indian Express",0.0,0.0,0.0,0.0,0.0,1.0,Neutral
IPL 2026 retention: Full list of players retained and released - olympics.com,IPL 2026 retention: Full list of players retained and released - olympics.com,0.35,0.55,0.0258,0.091,0.0,0.909,Neutral
Unsold players in IPL 2026 - olympics.com,Unsold players in IPL 2026 - olympics.com,0.0,0.0,0.0,0.0,0.0,1.0,Neutral
What is the cost of RCB's jersey for IPL 2026? - Khel Now,What is the cost of RCB's jersey for IPL 2026? - Khel Now,0.0,0.0,0.0,0.0,0.0,1.0,Neutral
Harbhajan Singh opens up on Mumbai Indians' potential playing XI ahead of IPL 2026 - India TV News,Harbhajan Singh opens up on Mumbai Indians' potential playing XI ahead of IPL 2026 - India TV News,0.0,1.0,0.2023,0.096,0.0,0.904,Positive
Unfit or unfair? Why using Rohit Sharma as an Impact player could backfire for Hardik’s MI? - The Financial Express,Unfit or unfair? Why using Rohit Sharma as an Impact player could backfire for Hardik’s MI? - The Financial Express,-0.25,0.5,-0.5362,0.0,0.154,0.846,Negative
Top 10 players to watch in IPL 2026 season - sportco.io,Top 10 players to watch in IPL 2026 season - sportco.io,0.5,0.5,0.2023,0.153,0.0,0.847,Positive
Suryakumar Yadav: Revisiting his record-breaking run in IPL 2025 - NewsBytes,Suryakumar Yadav: Revisiting his record-breaking run in IPL 2025 - NewsBytes,0.0,0.0,0.0,0.0,0.0,1.0,Neutral
Top 5 players with most sixes in IPL history - India TV News,Top 5 players with most sixes in IPL history - India TV News,0.5,0.5,0.2023,0.13,0.0,0.87,Positive
Sachin Tendulkar's unique IPL record remains unbroken for 18 years - MSN,Sachin Tendulkar's unique IPL record remains unbroken for 18 years - MSN,0.375,1.0,0.0,0.0,0.0,1.0,Neutral
IPL 2026 auction players list - olympics.com,IPL 2026 auction players list - olympics.com,0.0,0.0,0.0,0.0,0.0,1.0,Neutral
Sherfane Rutherford traded to Mumbai Indians from Gujarat Titans - IPL,Sherfane Rutherford traded to Mumbai Indians from Gujarat Titans - IPL,0.0,0.0,0.0,0.0,0.0,1.0,Neutral
Virat Kohli to Sanju Samson: 5 Indian Players who can score Multiple Centuries in IPL 2026 - myKhel,Virat Kohli to Sanju Samson: 5 Indian Players who can score Multiple Centuries in IPL 2026 - myKhel,0.0,0.0,0.0,0.0,0.0,1.0,Neutral
5 Players Who Can Quit After IPL 2026 - NDTV Sports,5 Players Who Can Quit After IPL 2026 - NDTV Sports,0.0,0.0,0.0,0.0,0.0,1.0,Neutral
Two T20 World Cup-winning captains but neither will lead MI: Best 11 for Mumbai Indians in IPL 2026 - The Financial Express,Two T20 World Cup-winning captains but neither will lead MI: Best 11 for Mumbai Indians in IPL 2026 - The Financial Express,0.5,0.15,0.7783,0.216,0.0,0.784,Positive
Top Buys from TATA IPL Player Auction 2026 - IPL,Top Buys from TATA IPL Player Auction 2026 - IPL,0.5,0.5,0.2023,0.167,0.0,0.833,Positive
Top 5 best players of CSK in IPL 2026 ft. Sanju Samson - Khel Now,Top 5 best players of CSK in IPL 2026 ft. Sanju Samson - Khel Now,0.75,0.4,0.7184,0.316,0.0,0.684,Positive
"IN PICS | IPL 2026: Shoaib Akhtar, Shoaib Malik, Shahid Afridi And More — Pakistan Players Who Featured in Indian Premier League - NewsX","IN PICS | IPL 2026: Shoaib Akhtar, Shoaib Malik, Shahid Afridi And More — Pakistan Players Who Featured in Indian Premier League - NewsX",0.5,0.5,0.0,0.0,0.0,1.0,Neutral
Top 5 best players of RCB in IPL 2026 - Khel Now,Top 5 best players of RCB in IPL 2026 - Khel Now,0.75,0.4,0.7184,0.375,0.0,0.625,Positive
IPL 2026: Why Sanju Samson being at his best might not go the way CSK are planning - sportsyaari.com,IPL 2026: Why Sanju Samson being at his best might not go the way CSK are planning - sportsyaari.com,1.0,0.3,0.6369,0.189,0.0,0.811,Positive
"Glenn Maxwell to Dinesh Karthik: 7 players with most ducks in IPL history, Rohit Sharma is at... - news24online.com","Glenn Maxwell to Dinesh Karthik: 7 players with most ducks in IPL history, Rohit Sharma is at... - news24online.com",0.5,0.5,0.0,0.0,0.0,1.0,Neutral
"Who are the last Pakistan players to play in an IPL final? Not Shoaib Akhtar, Shahid Afridi - MSN","Who are the last Pakistan players to play in an IPL final? Not Shoaib Akhtar, Shahid Afridi - MSN",0.0,0.5333333333333333,0.34,0.118,0.0,0.882,Positive
Sunil Gavaskar Links Abrar Ahmed Signing to Deaths of Indians - Altitudes Magazine,Sunil Gavaskar Links Abrar Ahmed Signing to Deaths of Indians - Altitudes Magazine,0.0,0.0,0.0,0.0,0.0,1.0,Neutral
"7 oldest players in IPL 2026: MS Dhoni, Sunil Narine, Rohit Sharma…. - news24online.com","7 oldest players in IPL 2026: MS Dhoni, Sunil Narine, Rohit Sharma…. - news24online.com",0.0,0.0,0.0,0.0,0.0,1.0,Neutral
